{
    "node_map": {
        "1": [
            0,
            0
        ],
        "2": [
            -13.831580364046019,
            -39.78032470842181
        ],
        "3": [
            -51.694337849352266,
            -66.82335992513492
        ],
        "4": [
            -72.71273078202853,
            -97.44945414410897
        ],
        "5": [
            -40.24740103001945,
            -11.23263012016325
        ],
        "6": [
            -93.26577289135282,
            -49.974333220632914
        ],
        "7": [
            -77.50521866857036,
            14.883928263557621
        ],
        "8": [
            -14.060556752361492,
            -78.93972230946547
        ],
        "9": [
            29.947498867567163,
            24.92627415927457
        ],
        "10": [
            -95.81124464516544,
            58.86982405267608
        ],
        "11": [
            -7.749415477238713,
            34.45253724670249
        ],
        "12": [
            18.29803043239839,
            -62.47855969619596
        ]
    },
    "label_list": [
        2,
        1,
        0,
        1,
        0,
        1,
        0,
        0,
        0,
        0,
        2,
        2,
        1,
        0,
        2,
        1,
        1,
        0,
        2,
        2,
        2,
        1,
        0,
        0,
        2,
        0,
        1,
        0,
        2,
        1,
        0,
        0,
        2,
        0,
        0,
        1,
        0,
        2,
        1,
        2,
        0,
        2,
        2,
        1,
        0,
        2,
        0,
        2,
        0,
        2,
        1,
        0,
        0,
        0,
        1,
        0,
        1,
        1,
        0,
        2,
        1,
        1,
        2,
        2,
        1,
        0,
        0,
        1,
        2,
        1,
        0,
        1,
        0,
        0,
        0,
        2,
        2,
        1,
        2,
        0,
        0,
        2,
        0,
        1,
        1,
        2,
        1,
        2,
        0,
        1,
        0,
        0,
        2,
        0,
        1,
        2,
        1,
        1,
        0,
        0,
        2,
        1,
        0,
        2,
        0,
        0,
        2,
        1,
        1,
        1,
        0,
        0,
        0,
        1,
        0,
        1,
        0,
        2,
        2,
        0
    ],
    "env_label": 0
}