{
    "node_map": {
        "1": [
            0,
            0
        ],
        "2": [
            26.236956263243272,
            29.7318538204413
        ],
        "3": [
            -38.39327728012385,
            31.523184344710103
        ],
        "4": [
            -36.60128024882863,
            70.16688219513995
        ],
        "5": [
            -38.7581468871812,
            -26.690046021598164
        ],
        "6": [
            -75.42107087935179,
            17.32124713447429
        ],
        "7": [
            68.7102904350038,
            13.111729478065072
        ],
        "8": [
            22.069205599045077,
            67.5351461284219
        ],
        "9": [
            -95.88629311097255,
            55.525947161096184
        ],
        "10": [
            -2.369749664036206,
            -39.33752747954833
        ]
    },
    "label_list": [
        0,
        2,
        0,
        0,
        0,
        1,
        1,
        0,
        0,
        0,
        2,
        2,
        2,
        2,
        0,
        2,
        2,
        1,
        1,
        2,
        0,
        2,
        2,
        0,
        0,
        0,
        1,
        0,
        1,
        0,
        1,
        2,
        2,
        1,
        0,
        2,
        1,
        0,
        1,
        2,
        1,
        2,
        0,
        0,
        0,
        0,
        0,
        0,
        0,
        2,
        1,
        2,
        2,
        1,
        1,
        2,
        0,
        0,
        2,
        1,
        0,
        1,
        2,
        0,
        1,
        0,
        0,
        1,
        2,
        1,
        1,
        1,
        0,
        0,
        2,
        1,
        2,
        0,
        2,
        2,
        2,
        0,
        1,
        0,
        0,
        2,
        1,
        0,
        0,
        0,
        1,
        1,
        1,
        0,
        1,
        2,
        0,
        1,
        0,
        2,
        0,
        2,
        1,
        2,
        2,
        1,
        0,
        1,
        1,
        1,
        1,
        0,
        1,
        0,
        0,
        1,
        0,
        2,
        1,
        0
    ],
    "env_label": 1
}