{
    "node_map": {
        "1": [
            0,
            0
        ],
        "2": [
            -26.520412784290336,
            -7.281289119040615
        ],
        "3": [
            -0.21189124031963757,
            36.49488800318038
        ],
        "4": [
            -33.70714894524821,
            40.90955847467279
        ],
        "5": [
            -25.761455155097778,
            18.514516478689615
        ],
        "6": [
            15.39482393701573,
            -15.089100155034544
        ],
        "7": [
            -32.01512871085246,
            39.200525813843086
        ],
        "8": [
            -20.964319747331206,
            -24.100001897664704
        ]
    },
    "label_list": [
        2,
        0,
        2,
        1,
        1,
        0,
        1,
        1,
        1,
        2,
        0,
        0,
        0,
        2,
        2,
        2,
        1,
        1,
        2,
        1,
        1,
        2,
        0,
        2,
        0,
        2,
        2,
        2,
        2,
        1,
        0,
        0,
        1,
        0,
        2,
        1,
        0,
        0,
        0,
        0,
        1,
        1,
        2,
        1,
        0,
        1,
        2,
        2,
        0,
        0,
        2,
        1,
        2,
        2,
        1,
        0,
        0,
        1,
        0,
        0,
        0,
        2,
        1,
        1,
        2,
        1,
        1,
        0,
        0,
        2,
        1,
        2,
        0,
        0,
        2,
        1,
        1,
        2,
        2,
        2,
        1,
        1,
        1,
        2,
        1,
        0,
        2,
        2,
        1,
        2,
        1,
        2,
        2,
        1,
        1,
        0,
        2,
        2,
        1,
        0,
        2,
        0,
        0,
        2,
        2,
        2,
        2,
        0,
        2,
        2,
        0,
        2,
        2,
        1,
        1,
        1,
        2,
        2,
        0,
        1
    ],
    "env_label": 2
}