{
    "node_map": {
        "1": [
            0,
            0
        ],
        "2": [
            10.175164679767057,
            -26.661541842453385
        ],
        "3": [
            -27.948568971851795,
            -5.122303204012255
        ],
        "4": [
            -10.926955345535063,
            35.77052686079689
        ],
        "5": [
            -11.092830210062573,
            -47.17613562450943
        ],
        "6": [
            -14.089345889193062,
            -25.05049995106683
        ],
        "7": [
            -47.105798378672404,
            -4.005827586720031
        ],
        "8": [
            -42.230685691495125,
            -40.55318957978719
        ]
    },
    "label_list": [
        1,
        0,
        1,
        0,
        2,
        2,
        2,
        1,
        2,
        2,
        0,
        1,
        1,
        0,
        0,
        2,
        0,
        0,
        1,
        1,
        0,
        0,
        0,
        2,
        1,
        0,
        1,
        1,
        0,
        0,
        1,
        0,
        0,
        0,
        2,
        1,
        1,
        1,
        0,
        2,
        0,
        0,
        0,
        0,
        2,
        0,
        2,
        1,
        2,
        0,
        1,
        2,
        1,
        1,
        2,
        1,
        2,
        1,
        0,
        0,
        1,
        1,
        2,
        0,
        1,
        2,
        0,
        1,
        1,
        0,
        0,
        0,
        2,
        0,
        2,
        0,
        1,
        2,
        1,
        0,
        0,
        0,
        0,
        0,
        1,
        0,
        0,
        1,
        1,
        2,
        0,
        1,
        0,
        1,
        2,
        1,
        1,
        0,
        1,
        2,
        2,
        0,
        2,
        2,
        0,
        0,
        1,
        0,
        2,
        1,
        0,
        1,
        0,
        2,
        1,
        0,
        0,
        2,
        0,
        0
    ],
    "env_label": 2
}