{
    "node_map": {
        "1": [
            0,
            0
        ],
        "2": [
            27.923106771799723,
            -38.708614640040075
        ],
        "3": [
            -24.83409376386409,
            -34.6388265772581
        ],
        "4": [
            75.9176310120973,
            -36.723146385122504
        ],
        "5": [
            3.540211182696652,
            -72.3249352008599
        ],
        "6": [
            54.48196217677673,
            -80.79801401040521
        ],
        "7": [
            4.494385468969767,
            38.31560192685947
        ],
        "8": [
            -64.35509564429873,
            -51.506702631207716
        ],
        "9": [
            -20.48347549071056,
            -98.13355278591254
        ]
    },
    "label_list": [
        0,
        2,
        2,
        0,
        2,
        0,
        2,
        0,
        2,
        1,
        2,
        0,
        2,
        0,
        1,
        2,
        1,
        1,
        0,
        2,
        2,
        1,
        2,
        2,
        1,
        2,
        0,
        2,
        0,
        2,
        1,
        2,
        1,
        2,
        1,
        2,
        1,
        2,
        1,
        1,
        0,
        1,
        1,
        2,
        0,
        0,
        1,
        1,
        0,
        2,
        0,
        1,
        1,
        1,
        0,
        1,
        1,
        2,
        0,
        1,
        2,
        0,
        2,
        0,
        1,
        1,
        1,
        1,
        1,
        1,
        2,
        2,
        2,
        1,
        1,
        2,
        1,
        1,
        2,
        2,
        1,
        2,
        0,
        2,
        2,
        1,
        2,
        0,
        0,
        1,
        2,
        1,
        1,
        2,
        0,
        2,
        1,
        2,
        0,
        2,
        0,
        0,
        2,
        2,
        1,
        0,
        0,
        2,
        0,
        1,
        1,
        1,
        0,
        0,
        1,
        2,
        1,
        2,
        0,
        0
    ],
    "env_label": 0
}