{
    "node_map": {
        "1": [
            0,
            0
        ],
        "2": [
            -44.59509588587213,
            1.1897362289038824
        ],
        "3": [
            24.551615508428526,
            -45.14041925381469
        ],
        "4": [
            -70.30240930675997,
            -19.67445725383805
        ],
        "5": [
            -70.23338899988269,
            -36.15176705954472
        ],
        "6": [
            -0.4239268117376582,
            -53.547070958319416
        ],
        "7": [
            -74.60449450841244,
            70.16262465137402
        ],
        "8": [
            67.01736186169137,
            -48.65166535307226
        ]
    },
    "label_list": [
        1,
        2,
        1,
        2,
        0,
        0,
        0,
        0,
        1,
        0,
        0,
        2,
        2,
        2,
        2,
        1,
        2,
        0,
        0,
        0,
        1,
        1,
        1,
        0,
        0,
        0,
        0,
        0,
        1,
        2,
        2,
        1,
        2,
        2,
        0,
        0,
        2,
        2,
        1,
        1,
        2,
        1,
        1,
        0,
        1,
        0,
        0,
        1,
        0,
        0,
        0,
        2,
        1,
        0,
        0,
        0,
        1,
        1,
        0,
        0,
        0,
        2,
        1,
        0,
        0,
        1,
        1,
        1,
        2,
        2,
        2,
        0,
        1,
        2,
        2,
        2,
        1,
        1,
        2,
        1,
        1,
        0,
        0,
        2,
        0,
        2,
        1,
        2,
        0,
        1,
        0,
        1,
        1,
        2,
        2,
        1,
        1,
        0,
        1,
        1,
        2,
        2,
        0,
        2,
        1,
        1,
        0,
        2,
        0,
        0,
        2,
        2,
        0,
        2,
        2,
        2,
        1,
        2,
        0,
        2
    ],
    "env_label": 2
}