{
    "node_map": {
        "1": [
            0,
            0
        ],
        "2": [
            -12.949629715590149,
            11.710491738868242
        ],
        "3": [
            9.909597329822518,
            21.5205345907752
        ],
        "4": [
            -37.450351613181944,
            37.928099251398876
        ],
        "5": [
            21.105511555715765,
            -18.3595240080318
        ],
        "6": [
            3.935891072913698,
            -43.84874682362657
        ],
        "7": [
            -34.19048293847522,
            31.950809800714637
        ],
        "8": [
            14.71456493500662,
            -0.07008919527154944
        ]
    },
    "label_list": [
        1,
        1,
        1,
        1,
        2,
        2,
        1,
        1,
        2,
        0,
        2,
        1,
        1,
        1,
        2,
        2,
        0,
        1,
        1,
        1,
        0,
        1,
        0,
        1,
        0,
        0,
        1,
        0,
        2,
        0,
        1,
        0,
        0,
        0,
        2,
        2,
        2,
        2,
        0,
        1,
        2,
        2,
        2,
        0,
        2,
        1,
        0,
        2,
        0,
        0,
        1,
        0,
        0,
        2,
        1,
        2,
        1,
        1,
        2,
        2,
        1,
        0,
        0,
        0,
        2,
        0,
        2,
        1,
        2,
        1,
        0,
        1,
        1,
        2,
        1,
        1,
        2,
        0,
        2,
        2,
        0,
        0,
        2,
        0,
        0,
        2,
        2,
        1,
        2,
        0,
        2,
        2,
        2,
        2,
        1,
        1,
        1,
        0,
        1,
        0,
        2,
        0,
        1,
        1,
        0,
        0,
        1,
        0,
        0,
        2,
        1,
        0,
        2,
        0,
        0,
        1,
        2,
        2,
        0,
        2
    ],
    "env_label": 2
}