{
    "node_map": {
        "1": [
            0,
            0
        ],
        "2": [
            20.797788115041243,
            36.18974894675193
        ],
        "3": [
            -51.341717604955164,
            -27.46300136478314
        ],
        "4": [
            -85.80377579379082,
            0.6780872603148822
        ],
        "5": [
            -24.711775871426028,
            64.17489599817725
        ],
        "6": [
            -15.843706196186673,
            -68.22817144065405
        ],
        "7": [
            -83.75640162194884,
            71.31676539472662
        ],
        "8": [
            42.453950462864896,
            85.63278804324995
        ],
        "9": [
            73.39634949596805,
            37.828829745628184
        ],
        "10": [
            92.72442289005846,
            93.11467232353147
        ]
    },
    "label_list": [
        1,
        0,
        1,
        2,
        2,
        0,
        1,
        0,
        2,
        2,
        2,
        1,
        2,
        2,
        0,
        0,
        0,
        0,
        0,
        0,
        0,
        0,
        2,
        2,
        2,
        0,
        0,
        0,
        0,
        2,
        1,
        1,
        2,
        0,
        2,
        0,
        2,
        2,
        0,
        1,
        0,
        1,
        2,
        2,
        2,
        2,
        1,
        0,
        2,
        1,
        2,
        2,
        2,
        2,
        1,
        2,
        1,
        2,
        0,
        0,
        0,
        2,
        0,
        1,
        2,
        2,
        1,
        2,
        1,
        1,
        2,
        1,
        0,
        0,
        1,
        1,
        2,
        2,
        2,
        0,
        0,
        0,
        1,
        0,
        2,
        0,
        1,
        1,
        1,
        1,
        0,
        1,
        0,
        1,
        1,
        1,
        2,
        1,
        2,
        2,
        0,
        1,
        2,
        2,
        1,
        1,
        1,
        1,
        0,
        2,
        1,
        1,
        1,
        1,
        1,
        0,
        1,
        1,
        0,
        1
    ],
    "env_label": 0
}