{
    "node_map": {
        "1": [
            0,
            0
        ],
        "2": [
            -47.66952780432264,
            -1.9987039051306397
        ],
        "3": [
            -28.84067490128235,
            -9.684526038917781
        ],
        "4": [
            18.673129657122615,
            9.179687661720216
        ],
        "5": [
            -2.5942516102208018,
            -38.88730787453727
        ],
        "6": [
            5.912941337753978,
            8.173800190982085
        ],
        "7": [
            -32.8874889017621,
            11.307236890761708
        ],
        "8": [
            -42.19754484423485,
            35.70226381685444
        ]
    },
    "label_list": [
        2,
        0,
        0,
        2,
        1,
        0,
        1,
        0,
        1,
        2,
        1,
        2,
        2,
        1,
        0,
        2,
        1,
        0,
        1,
        1,
        2,
        0,
        1,
        0,
        0,
        1,
        1,
        0,
        1,
        1,
        0,
        1,
        0,
        0,
        0,
        0,
        2,
        1,
        0,
        2,
        1,
        1,
        0,
        0,
        0,
        1,
        1,
        0,
        0,
        2,
        2,
        1,
        0,
        1,
        0,
        1,
        0,
        0,
        2,
        0,
        0,
        0,
        1,
        0,
        1,
        0,
        2,
        2,
        2,
        2,
        0,
        0,
        2,
        2,
        2,
        0,
        1,
        1,
        1,
        1,
        2,
        0,
        0,
        1,
        1,
        0,
        2,
        2,
        0,
        0,
        2,
        1,
        0,
        0,
        2,
        1,
        2,
        0,
        1,
        2,
        0,
        2,
        0,
        2,
        0,
        2,
        0,
        0,
        1,
        2,
        2,
        0,
        2,
        0,
        1,
        2,
        1,
        0,
        1,
        2
    ],
    "env_label": 2
}