{
    "node_map": {
        "1": [
            0,
            0
        ],
        "2": [
            -1.816584371750963,
            -44.52597112668055
        ],
        "3": [
            38.385989484559815,
            -9.745017935276294
        ],
        "4": [
            -37.4230918479125,
            -31.072468412937383
        ],
        "5": [
            54.28324394981544,
            -52.92697284435335
        ],
        "6": [
            -61.67037243826488,
            -64.83407350563841
        ],
        "7": [
            82.02990835195266,
            -20.175164546452876
        ],
        "8": [
            46.20553006139514,
            32.7227534861114
        ]
    },
    "label_list": [
        2,
        1,
        1,
        1,
        0,
        2,
        2,
        2,
        1,
        2,
        2,
        2,
        0,
        1,
        0,
        0,
        1,
        0,
        1,
        2,
        1,
        1,
        2,
        0,
        2,
        1,
        2,
        0,
        2,
        0,
        0,
        2,
        2,
        0,
        1,
        0,
        2,
        0,
        1,
        1,
        1,
        1,
        0,
        2,
        2,
        2,
        1,
        1,
        1,
        2,
        2,
        2,
        0,
        2,
        1,
        2,
        0,
        1,
        1,
        1,
        0,
        0,
        1,
        0,
        0,
        0,
        1,
        0,
        1,
        1,
        1,
        2,
        0,
        1,
        2,
        0,
        1,
        2,
        1,
        2,
        2,
        1,
        0,
        1,
        0,
        1,
        0,
        2,
        1,
        1,
        2,
        0,
        1,
        1,
        1,
        0,
        2,
        0,
        0,
        0,
        0,
        0,
        0,
        0,
        2,
        1,
        2,
        1,
        2,
        1,
        1,
        1,
        0,
        2,
        0,
        0,
        0,
        0,
        0,
        2
    ],
    "env_label": 1
}