{
    "node_map": {
        "1": [
            0,
            0
        ],
        "2": [
            -44.2720529285568,
            -19.64398009761001
        ],
        "3": [
            -9.674342685458967,
            -47.421115345298205
        ],
        "4": [
            -5.8466153899974955,
            -92.13426612428626
        ],
        "5": [
            46.329851598465126,
            10.979604003145084
        ],
        "6": [
            26.03373240107551,
            -35.816275993001994
        ],
        "7": [
            -88.56692839746563,
            -30.2672513329441
        ],
        "8": [
            68.20286976954682,
            51.90779318680555
        ],
        "9": [
            38.67964667332137,
            -76.6171549314232
        ],
        "10": [
            93.60685636689834,
            13.619739884855633
        ]
    },
    "label_list": [
        1,
        1,
        1,
        1,
        1,
        1,
        1,
        1,
        1,
        1,
        1,
        1,
        1,
        1,
        2,
        1,
        1,
        0,
        2,
        2,
        0,
        1,
        1,
        1,
        0,
        2,
        2,
        1,
        1,
        0,
        2,
        1,
        2,
        0,
        1,
        1,
        0,
        2,
        0,
        2,
        1,
        1,
        1,
        2,
        2,
        0,
        1,
        1,
        2,
        2,
        0,
        2,
        0,
        2,
        1,
        2,
        2,
        2,
        1,
        1,
        0,
        2,
        1,
        1,
        0,
        1,
        2,
        0,
        1,
        0,
        0,
        1,
        2,
        1,
        2,
        0,
        0,
        2,
        1,
        2,
        1,
        1,
        2,
        1,
        0,
        1,
        0,
        0,
        2,
        0,
        1,
        0,
        1,
        2,
        0,
        0,
        1,
        0,
        1,
        2,
        2,
        0,
        1,
        2,
        1,
        1,
        0,
        2,
        0,
        1,
        1,
        1,
        0,
        2,
        0,
        2,
        2,
        2,
        1,
        1
    ],
    "env_label": 1
}