{
    "node_map": {
        "1": [
            0,
            0
        ],
        "2": [
            19.354910001749587,
            37.852457998092746
        ],
        "3": [
            5.508136119921076,
            -46.03674108771547
        ],
        "4": [
            -46.54337436498264,
            2.139189771774781
        ],
        "5": [
            -62.343099016450786,
            -37.11001455343861
        ],
        "6": [
            -65.54480445269162,
            39.98287000077795
        ],
        "7": [
            46.78565119173055,
            -69.2876402666021
        ],
        "8": [
            -93.03515183574672,
            -70.65974363828064
        ],
        "9": [
            -15.339401613736285,
            -84.94454768078681
        ],
        "10": [
            36.90150920068453,
            -1.904771074194315
        ],
        "11": [
            78.21366550654847,
            -14.619681803293403
        ],
        "12": [
            -56.18878498841096,
            -79.58315280656944
        ]
    },
    "label_list": [
        0,
        0,
        2,
        2,
        2,
        1,
        0,
        1,
        0,
        0,
        1,
        0,
        1,
        2,
        1,
        0,
        0,
        1,
        1,
        1,
        2,
        2,
        0,
        2,
        2,
        0,
        1,
        2,
        2,
        0,
        2,
        0,
        1,
        2,
        0,
        0,
        1,
        0,
        2,
        2,
        0,
        1,
        0,
        0,
        0,
        1,
        0,
        1,
        2,
        0,
        0,
        2,
        0,
        0,
        2,
        0,
        2,
        2,
        1,
        1,
        1,
        2,
        2,
        2,
        1,
        1,
        0,
        0,
        2,
        0,
        2,
        1,
        2,
        0,
        2,
        2,
        2,
        1,
        0,
        1,
        1,
        1,
        2,
        1,
        2,
        0,
        2,
        0,
        0,
        0,
        1,
        0,
        0,
        0,
        0,
        2,
        1,
        0,
        0,
        2,
        1,
        2,
        2,
        1,
        1,
        1,
        0,
        2,
        2,
        0,
        2,
        2,
        0,
        1,
        2,
        1,
        0,
        2,
        1,
        2
    ],
    "env_label": 1
}