{
    "node_map": {
        "1": [
            0,
            0
        ],
        "2": [
            -27.337993383983772,
            34.61491419596342
        ],
        "3": [
            -11.71183829597804,
            75.02594245754386
        ],
        "4": [
            -23.56788757086241,
            -49.49605916072706
        ],
        "5": [
            25.538403123592815,
            -65.61286622469322
        ],
        "6": [
            23.12502391766604,
            47.36503968556812
        ],
        "7": [
            -49.345647093393595,
            -10.725652290788858
        ],
        "8": [
            37.1408556720003,
            86.57046439273225
        ],
        "9": [
            77.5735503368457,
            -56.95600422853451
        ],
        "10": [
            -64.79156643920419,
            -86.76175601326501
        ]
    },
    "label_list": [
        2,
        2,
        1,
        2,
        2,
        2,
        0,
        0,
        1,
        1,
        2,
        1,
        1,
        0,
        2,
        0,
        0,
        2,
        1,
        0,
        1,
        0,
        1,
        0,
        2,
        0,
        2,
        1,
        1,
        0,
        0,
        1,
        2,
        2,
        2,
        0,
        2,
        2,
        2,
        0,
        1,
        2,
        0,
        0,
        0,
        2,
        0,
        0,
        1,
        2,
        2,
        0,
        1,
        1,
        0,
        1,
        2,
        1,
        0,
        0,
        2,
        1,
        1,
        0,
        2,
        1,
        0,
        1,
        0,
        1,
        2,
        0,
        2,
        1,
        0,
        1,
        0,
        0,
        2,
        1,
        2,
        2,
        1,
        0,
        2,
        0,
        1,
        2,
        1,
        0,
        2,
        1,
        2,
        1,
        2,
        2,
        2,
        2,
        0,
        2,
        0,
        1,
        1,
        0,
        2,
        1,
        0,
        0,
        0,
        1,
        2,
        0,
        0,
        0,
        1,
        0,
        2,
        0,
        0,
        2
    ],
    "env_label": 0
}