{
    "node_map": {
        "1": [
            0,
            0
        ],
        "2": [
            -3.621211285412599,
            39.241226918397274
        ],
        "3": [
            -39.91222370872192,
            65.92394418658219
        ],
        "4": [
            30.771525191136874,
            52.075345198089565
        ],
        "5": [
            37.711846977311325,
            4.799960440288771
        ],
        "6": [
            47.47394349519979,
            -40.25088263009915
        ],
        "7": [
            59.847377876601314,
            -80.1386045616635
        ],
        "8": [
            74.27393546478652,
            67.884108572852
        ],
        "9": [
            93.26741826132803,
            23.879821339963783
        ],
        "10": [
            40.665799056151684,
            94.57932750428591
        ]
    },
    "label_list": [
        0,
        0,
        2,
        1,
        2,
        2,
        0,
        2,
        0,
        0,
        2,
        2,
        1,
        2,
        2,
        1,
        0,
        2,
        0,
        0,
        2,
        1,
        2,
        0,
        0,
        2,
        1,
        0,
        1,
        0,
        0,
        2,
        2,
        0,
        0,
        0,
        1,
        0,
        2,
        1,
        1,
        2,
        0,
        2,
        1,
        2,
        0,
        0,
        1,
        2,
        2,
        2,
        2,
        1,
        1,
        0,
        1,
        0,
        2,
        0,
        1,
        0,
        0,
        0,
        0,
        1,
        2,
        1,
        1,
        1,
        0,
        2,
        0,
        2,
        2,
        2,
        2,
        2,
        1,
        2,
        0,
        1,
        0,
        2,
        0,
        1,
        2,
        0,
        1,
        0,
        0,
        2,
        2,
        0,
        2,
        0,
        0,
        1,
        0,
        0,
        2,
        2,
        2,
        0,
        0,
        2,
        0,
        1,
        0,
        2,
        1,
        2,
        1,
        0,
        0,
        1,
        2,
        0,
        0,
        1
    ],
    "env_label": 0
}