{
    "node_map": {
        "1": [
            0,
            0
        ],
        "2": [
            -35.89618296424631,
            -15.560727495243839
        ],
        "3": [
            -81.14778290997236,
            -23.300654992092802
        ],
        "4": [
            -16.138026652372517,
            -45.05138824041417
        ],
        "5": [
            19.945682300663975,
            -76.87652139386984
        ],
        "6": [
            -61.34923523007956,
            22.403874713579015
        ],
        "7": [
            39.74644853409691,
            -15.674212306452475
        ],
        "8": [
            53.54053117874321,
            -59.268329307764155
        ],
        "9": [
            69.2309292202315,
            14.089209445831912
        ],
        "10": [
            -28.26987649326145,
            58.61263290160835
        ],
        "11": [
            -86.11875841882207,
            48.6876835510505
        ]
    },
    "label_list": [
        1,
        2,
        1,
        2,
        0,
        2,
        1,
        2,
        2,
        2,
        2,
        0,
        2,
        1,
        2,
        2,
        0,
        1,
        2,
        1,
        2,
        1,
        0,
        1,
        0,
        1,
        2,
        1,
        1,
        1,
        2,
        0,
        2,
        0,
        2,
        0,
        0,
        1,
        2,
        1,
        1,
        2,
        0,
        2,
        0,
        0,
        2,
        1,
        2,
        0,
        2,
        2,
        0,
        0,
        2,
        2,
        1,
        2,
        1,
        0,
        1,
        2,
        0,
        2,
        1,
        0,
        2,
        0,
        0,
        0,
        1,
        2,
        2,
        2,
        1,
        1,
        1,
        2,
        1,
        0,
        1,
        2,
        1,
        1,
        2,
        2,
        2,
        0,
        0,
        0,
        0,
        2,
        0,
        0,
        1,
        0,
        1,
        0,
        1,
        0,
        0,
        0,
        0,
        2,
        1,
        1,
        1,
        2,
        2,
        0,
        1,
        2,
        1,
        2,
        1,
        1,
        0,
        1,
        1,
        1
    ],
    "env_label": 2
}