{
    "node_map": {
        "1": [
            0,
            0
        ],
        "2": [
            13.381224706645838,
            42.293552561162954
        ],
        "3": [
            16.355267148967783,
            78.66536293630458
        ],
        "4": [
            26.167968036044726,
            -28.622103021615075
        ],
        "5": [
            -16.65131439606698,
            94.87260377384982
        ],
        "6": [
            -31.257732665158883,
            28.811501532875894
        ],
        "7": [
            -66.71156879335089,
            9.852191889218687
        ],
        "8": [
            54.120182564427694,
            -52.211350765656064
        ],
        "9": [
            88.10267326287988,
            -83.46063237920502
        ],
        "10": [
            42.27758762823848,
            11.059192910404619
        ],
        "11": [
            84.28520238810015,
            33.12808940232716
        ]
    },
    "label_list": [
        0,
        1,
        0,
        1,
        0,
        0,
        1,
        2,
        0,
        0,
        1,
        2,
        0,
        0,
        1,
        2,
        0,
        1,
        2,
        2,
        2,
        2,
        2,
        1,
        1,
        2,
        1,
        0,
        1,
        1,
        2,
        0,
        0,
        0,
        2,
        2,
        2,
        1,
        0,
        2,
        1,
        2,
        2,
        2,
        1,
        1,
        0,
        2,
        1,
        2,
        0,
        1,
        0,
        2,
        1,
        1,
        1,
        0,
        1,
        1,
        2,
        1,
        0,
        0,
        0,
        0,
        2,
        1,
        2,
        2,
        2,
        0,
        1,
        0,
        0,
        0,
        1,
        1,
        2,
        1,
        0,
        1,
        0,
        2,
        1,
        2,
        2,
        0,
        1,
        1,
        0,
        0,
        2,
        0,
        2,
        1,
        2,
        1,
        2,
        1,
        1,
        1,
        0,
        2,
        1,
        1,
        0,
        2,
        1,
        2,
        2,
        0,
        1,
        1,
        0,
        2,
        1,
        2,
        0,
        0
    ],
    "env_label": 1
}