{
    "node_map": {
        "1": [
            0,
            0
        ],
        "2": [
            38.84106869008889,
            -16.92897874904304
        ],
        "3": [
            -39.85149421072853,
            -14.580305368747787
        ],
        "4": [
            61.20383920096097,
            -48.974446908817804
        ],
        "5": [
            -28.290275361589195,
            28.598832898257058
        ],
        "6": [
            86.4273944912974,
            -86.49486130282645
        ],
        "7": [
            -67.23649620915126,
            48.6877306554571
        ],
        "8": [
            -64.70395759284511,
            -51.667197717569245
        ],
        "9": [
            37.64920650232369,
            -78.09061275311447
        ],
        "10": [
            50.43338571060315,
            29.916717650604937
        ],
        "11": [
            -41.11198535285012,
            80.54694153130558
        ]
    },
    "label_list": [
        0,
        1,
        2,
        0,
        1,
        1,
        0,
        1,
        2,
        0,
        2,
        1,
        0,
        0,
        2,
        1,
        2,
        0,
        1,
        2,
        0,
        0,
        2,
        1,
        2,
        1,
        1,
        1,
        1,
        0,
        0,
        2,
        1,
        0,
        1,
        0,
        0,
        2,
        1,
        2,
        1,
        2,
        2,
        1,
        2,
        0,
        1,
        2,
        0,
        2,
        0,
        0,
        0,
        2,
        0,
        1,
        0,
        0,
        1,
        1,
        1,
        1,
        1,
        2,
        0,
        1,
        0,
        0,
        1,
        1,
        1,
        0,
        0,
        2,
        2,
        1,
        0,
        2,
        1,
        2,
        1,
        2,
        1,
        1,
        1,
        2,
        2,
        1,
        1,
        1,
        1,
        0,
        2,
        1,
        0,
        1,
        2,
        1,
        1,
        0,
        1,
        2,
        2,
        0,
        1,
        0,
        0,
        1,
        0,
        1,
        0,
        2,
        1,
        0,
        1,
        1,
        2,
        0,
        2,
        0
    ],
    "env_label": 1
}