{
    "node_map": {
        "1": [
            0,
            0
        ],
        "2": [
            12.902123870836355,
            42.056595798067605
        ],
        "3": [
            -2.8200653305198173,
            43.92421365157345
        ],
        "4": [
            24.758929047805807,
            -20.253962897692755
        ],
        "5": [
            28.90251645750905,
            9.039200131588707
        ],
        "6": [
            -41.47272476393058,
            15.314461062534207
        ],
        "7": [
            -10.348603137350864,
            -9.035918602575222
        ],
        "8": [
            37.921282001030036,
            -47.173668817209894
        ]
    },
    "label_list": [
        2,
        2,
        1,
        0,
        1,
        0,
        0,
        0,
        1,
        0,
        0,
        2,
        2,
        2,
        1,
        2,
        1,
        1,
        2,
        2,
        2,
        2,
        2,
        1,
        1,
        2,
        1,
        2,
        1,
        0,
        2,
        1,
        1,
        1,
        2,
        0,
        1,
        0,
        1,
        1,
        2,
        0,
        0,
        0,
        0,
        2,
        2,
        2,
        1,
        2,
        1,
        2,
        1,
        2,
        0,
        2,
        1,
        1,
        1,
        2,
        0,
        2,
        1,
        1,
        1,
        0,
        1,
        1,
        1,
        2,
        1,
        2,
        1,
        2,
        0,
        0,
        1,
        1,
        2,
        2,
        2,
        0,
        0,
        1,
        1,
        0,
        1,
        0,
        1,
        2,
        2,
        2,
        1,
        0,
        1,
        0,
        2,
        2,
        2,
        1,
        2,
        2,
        0,
        0,
        2,
        2,
        0,
        2,
        2,
        1,
        0,
        0,
        0,
        1,
        0,
        0,
        0,
        0,
        1,
        1
    ],
    "env_label": 1
}