{
    "node_map": {
        "1": [
            0,
            0
        ],
        "2": [
            -20.52022970072099,
            -44.74212983728889
        ],
        "3": [
            -54.09653376383954,
            -59.03560647458204
        ],
        "4": [
            0.08526515269842605,
            35.27657976375596
        ],
        "5": [
            -97.38388343087536,
            -63.82921514712938
        ],
        "6": [
            -47.429361287264626,
            40.84899315813658
        ],
        "7": [
            11.205053918998814,
            -62.46774236099495
        ],
        "8": [
            39.755882904740446,
            48.38202937173074
        ]
    },
    "label_list": [
        2,
        2,
        0,
        0,
        2,
        1,
        0,
        1,
        2,
        1,
        0,
        0,
        1,
        2,
        0,
        0,
        1,
        1,
        1,
        2,
        1,
        2,
        2,
        1,
        0,
        1,
        0,
        2,
        2,
        0,
        0,
        2,
        2,
        1,
        0,
        0,
        1,
        1,
        2,
        1,
        0,
        0,
        0,
        1,
        2,
        1,
        0,
        0,
        1,
        1,
        0,
        1,
        2,
        1,
        2,
        2,
        2,
        1,
        1,
        1,
        2,
        0,
        2,
        0,
        1,
        1,
        0,
        2,
        0,
        1,
        0,
        1,
        2,
        1,
        2,
        0,
        1,
        0,
        2,
        0,
        2,
        2,
        0,
        1,
        0,
        0,
        1,
        1,
        1,
        0,
        1,
        2,
        2,
        2,
        0,
        1,
        2,
        1,
        0,
        1,
        0,
        1,
        2,
        2,
        0,
        0,
        1,
        1,
        0,
        1,
        1,
        1,
        2,
        0,
        1,
        2,
        0,
        0,
        0,
        1
    ],
    "env_label": 0
}