{
    "node_map": {
        "1": [
            0,
            0
        ],
        "2": [
            -33.52967925498237,
            -9.956550382828134
        ],
        "3": [
            -30.45813157074191,
            12.464138885434316
        ],
        "4": [
            -39.28354973659288,
            46.4838650995883
        ],
        "5": [
            -37.6652746182244,
            -46.740415244634924
        ],
        "6": [
            19.19014262157515,
            46.41931905586864
        ],
        "7": [
            -7.0193764632631925,
            -42.80728991575631
        ],
        "8": [
            -4.619567311239415,
            -19.073988405833497
        ]
    },
    "label_list": [
        1,
        0,
        0,
        1,
        0,
        0,
        2,
        2,
        2,
        1,
        2,
        2,
        0,
        2,
        0,
        2,
        0,
        2,
        1,
        1,
        2,
        1,
        1,
        2,
        1,
        2,
        2,
        2,
        2,
        0,
        0,
        2,
        1,
        0,
        0,
        2,
        1,
        0,
        2,
        1,
        2,
        1,
        1,
        2,
        0,
        2,
        1,
        2,
        2,
        1,
        0,
        1,
        1,
        1,
        0,
        2,
        0,
        0,
        1,
        0,
        2,
        0,
        2,
        2,
        2,
        2,
        1,
        2,
        0,
        1,
        0,
        1,
        0,
        0,
        2,
        2,
        0,
        1,
        1,
        1,
        2,
        2,
        1,
        0,
        1,
        0,
        1,
        2,
        1,
        1,
        2,
        0,
        1,
        1,
        0,
        1,
        1,
        0,
        0,
        1,
        2,
        1,
        1,
        2,
        1,
        1,
        2,
        1,
        2,
        1,
        2,
        0,
        1,
        0,
        1,
        2,
        1,
        0,
        0,
        1
    ],
    "env_label": 1
}