{
    "node_map": {
        "1": [
            0,
            0
        ],
        "2": [
            -10.882675025592746,
            -33.704571262201895
        ],
        "3": [
            -23.088942801742647,
            44.31457961278355
        ],
        "4": [
            -59.697328191112085,
            13.285247633500788
        ],
        "5": [
            -82.18399197256146,
            42.23822381650322
        ],
        "6": [
            -3.740307010908211,
            76.37421136932045
        ],
        "7": [
            -92.36656465251704,
            87.53972766488829
        ],
        "8": [
            30.44215711518993,
            -48.111387441275696
        ],
        "9": [
            -49.328831345979715,
            -29.06410140413007
        ],
        "10": [
            36.49965689696285,
            50.347462865667296
        ]
    },
    "label_list": [
        1,
        2,
        0,
        0,
        1,
        0,
        0,
        1,
        1,
        2,
        0,
        0,
        2,
        0,
        2,
        1,
        2,
        2,
        2,
        1,
        1,
        0,
        1,
        2,
        2,
        0,
        1,
        2,
        1,
        2,
        0,
        0,
        2,
        2,
        2,
        1,
        2,
        2,
        1,
        1,
        0,
        0,
        2,
        1,
        2,
        0,
        2,
        2,
        2,
        1,
        2,
        2,
        0,
        2,
        1,
        2,
        1,
        0,
        0,
        2,
        1,
        2,
        2,
        2,
        0,
        2,
        2,
        2,
        0,
        1,
        2,
        1,
        2,
        2,
        2,
        0,
        2,
        1,
        0,
        2,
        2,
        0,
        0,
        1,
        2,
        2,
        2,
        2,
        1,
        1,
        1,
        0,
        1,
        2,
        2,
        1,
        1,
        2,
        0,
        2,
        1,
        2,
        0,
        0,
        2,
        2,
        1,
        1,
        0,
        2,
        0,
        2,
        1,
        2,
        2,
        0,
        0,
        2,
        0,
        2
    ],
    "env_label": 2
}