{
    "node_map": {
        "1": [
            0,
            0
        ],
        "2": [
            -13.453286887883834,
            11.125610546578443
        ],
        "3": [
            -21.211095108631906,
            28.907537372022787
        ],
        "4": [
            13.97670649599764,
            -30.15591373946165
        ],
        "5": [
            7.6095937531049955,
            -32.070579855136074
        ],
        "6": [
            -9.742869542586739,
            -28.705493268913727
        ],
        "7": [
            20.61340817102169,
            32.61307265251209
        ],
        "8": [
            -0.3715696717790351,
            -33.84647152167327
        ]
    },
    "label_list": [
        0,
        1,
        2,
        1,
        2,
        2,
        0,
        1,
        1,
        2,
        0,
        0,
        2,
        1,
        0,
        0,
        2,
        1,
        0,
        0,
        2,
        0,
        2,
        1,
        2,
        2,
        0,
        0,
        2,
        2,
        0,
        2,
        1,
        1,
        2,
        0,
        2,
        0,
        2,
        0,
        1,
        0,
        1,
        0,
        0,
        0,
        0,
        2,
        2,
        1,
        1,
        2,
        0,
        2,
        0,
        0,
        2,
        1,
        1,
        0,
        1,
        1,
        1,
        0,
        1,
        2,
        1,
        1,
        1,
        2,
        0,
        1,
        2,
        2,
        0,
        1,
        0,
        0,
        1,
        1,
        2,
        0,
        2,
        0,
        1,
        1,
        0,
        0,
        0,
        0,
        0,
        1,
        0,
        2,
        2,
        1,
        1,
        2,
        0,
        1,
        2,
        2,
        1,
        2,
        2,
        2,
        0,
        2,
        0,
        2,
        0,
        2,
        1,
        0,
        0,
        0,
        1,
        0,
        1,
        1
    ],
    "env_label": 0
}