{
    "node_map": {
        "1": [
            0,
            0
        ],
        "2": [
            -26.54623194161738,
            -28.492033195585037
        ],
        "3": [
            -51.018464044569356,
            7.617096541013197
        ],
        "4": [
            -61.691294999681176,
            -31.849575820734884
        ],
        "5": [
            17.991128316262063,
            -40.615276450891734
        ],
        "6": [
            51.37079912600308,
            -7.571678352042753
        ],
        "7": [
            24.085078981605463,
            -87.78938140535686
        ],
        "8": [
            -6.451367002352043,
            36.743133591786375
        ],
        "9": [
            -12.763995703997693,
            -90.28247007360817
        ],
        "10": [
            -65.3130112945517,
            -69.14898229886954
        ]
    },
    "label_list": [
        0,
        2,
        0,
        1,
        2,
        2,
        0,
        2,
        0,
        2,
        0,
        1,
        0,
        0,
        0,
        1,
        1,
        1,
        2,
        2,
        2,
        0,
        2,
        1,
        0,
        0,
        2,
        1,
        1,
        2,
        0,
        0,
        1,
        1,
        1,
        0,
        0,
        2,
        2,
        0,
        0,
        0,
        1,
        1,
        1,
        1,
        0,
        2,
        0,
        2,
        1,
        2,
        0,
        2,
        1,
        2,
        2,
        0,
        1,
        2,
        0,
        2,
        0,
        0,
        2,
        0,
        1,
        1,
        0,
        2,
        2,
        2,
        0,
        1,
        1,
        1,
        2,
        2,
        0,
        0,
        2,
        1,
        2,
        0,
        2,
        0,
        1,
        2,
        1,
        2,
        2,
        1,
        1,
        0,
        1,
        1,
        1,
        1,
        0,
        2,
        1,
        2,
        0,
        0,
        1,
        0,
        1,
        0,
        1,
        0,
        2,
        1,
        1,
        2,
        1,
        2,
        0,
        2,
        0,
        2
    ],
    "env_label": 1
}