{
    "node_map": {
        "1": [
            0,
            0
        ],
        "2": [
            4.050064806439643,
            30.937482316875503
        ],
        "3": [
            -3.5799292067807755,
            -33.61551919161312
        ],
        "4": [
            -15.908482362909062,
            22.65348378708228
        ],
        "5": [
            -18.166847543201815,
            -15.395693674192657
        ],
        "6": [
            -21.767444938388504,
            5.8069799873758825
        ],
        "7": [
            16.80301760962456,
            -12.109786635495823
        ],
        "8": [
            12.167459658291854,
            -8.483021860573146
        ]
    },
    "label_list": [
        2,
        1,
        0,
        0,
        0,
        2,
        0,
        0,
        2,
        2,
        0,
        0,
        1,
        0,
        0,
        1,
        0,
        1,
        0,
        1,
        1,
        0,
        1,
        1,
        0,
        0,
        1,
        0,
        1,
        0,
        0,
        1,
        0,
        1,
        0,
        0,
        1,
        2,
        2,
        1,
        2,
        2,
        2,
        0,
        1,
        0,
        1,
        2,
        0,
        1,
        0,
        1,
        2,
        2,
        0,
        1,
        0,
        1,
        1,
        2,
        0,
        0,
        1,
        1,
        0,
        1,
        0,
        2,
        0,
        1,
        1,
        0,
        0,
        1,
        1,
        0,
        0,
        2,
        1,
        1,
        2,
        1,
        0,
        0,
        0,
        1,
        1,
        1,
        2,
        2,
        1,
        1,
        1,
        2,
        1,
        1,
        0,
        2,
        1,
        1,
        2,
        0,
        2,
        1,
        0,
        0,
        2,
        1,
        2,
        2,
        2,
        1,
        0,
        2,
        0,
        1,
        2,
        1,
        2,
        2
    ],
    "env_label": 2
}