{
    "node_map": {
        "1": [
            0,
            0
        ],
        "2": [
            -7.8428651436542935,
            -41.5074579376123
        ],
        "3": [
            -8.704142556038136,
            -80.96262878180198
        ],
        "4": [
            -38.92371967040029,
            24.92903088918051
        ],
        "5": [
            -47.50942991649427,
            -91.17215866241459
        ],
        "6": [
            -82.33494425920746,
            -78.34555096853369
        ],
        "7": [
            -66.22438603986845,
            61.19210069139328
        ],
        "8": [
            -91.84821300283137,
            -38.274872513338785
        ]
    },
    "label_list": [
        1,
        2,
        0,
        2,
        2,
        0,
        2,
        0,
        0,
        2,
        0,
        0,
        1,
        0,
        1,
        1,
        1,
        1,
        2,
        1,
        2,
        1,
        1,
        2,
        1,
        0,
        1,
        1,
        0,
        2,
        0,
        2,
        0,
        2,
        0,
        1,
        2,
        1,
        1,
        1,
        2,
        0,
        0,
        2,
        0,
        2,
        2,
        2,
        0,
        2,
        2,
        0,
        0,
        0,
        2,
        0,
        0,
        0,
        0,
        2,
        1,
        2,
        2,
        2,
        0,
        1,
        0,
        0,
        1,
        0,
        0,
        0,
        2,
        0,
        1,
        0,
        2,
        2,
        0,
        0,
        1,
        1,
        1,
        0,
        1,
        1,
        2,
        0,
        2,
        1,
        1,
        0,
        0,
        2,
        2,
        0,
        1,
        2,
        1,
        2,
        1,
        2,
        2,
        1,
        1,
        1,
        2,
        1,
        2,
        0,
        0,
        1,
        0,
        2,
        2,
        2,
        1,
        0,
        0,
        1
    ],
    "env_label": 0
}