{
    "node_map": {
        "1": [
            0,
            0
        ],
        "2": [
            31.24160634708909,
            -38.11025960995924
        ],
        "3": [
            -16.334512987558185,
            -52.91678143851537
        ],
        "4": [
            60.22737895101841,
            -11.239504852310716
        ],
        "5": [
            1.7246976553055617,
            -97.59737204587013
        ],
        "6": [
            -56.19000305410082,
            -35.04947474908968
        ],
        "7": [
            -62.813310073415686,
            -76.33888437116074
        ],
        "8": [
            -93.59119630816781,
            -51.350855253224694
        ],
        "9": [
            73.79950701743266,
            -57.33895564015388
        ],
        "10": [
            87.64749430423964,
            -92.34291186024673
        ],
        "11": [
            -70.69169638195504,
            9.859720534131043
        ],
        "12": [
            44.8568094955362,
            20.356473465932993
        ]
    },
    "label_list": [
        2,
        1,
        0,
        0,
        0,
        0,
        0,
        0,
        1,
        2,
        1,
        1,
        1,
        2,
        1,
        0,
        2,
        2,
        1,
        2,
        1,
        1,
        2,
        2,
        0,
        1,
        1,
        0,
        2,
        0,
        1,
        2,
        1,
        2,
        1,
        0,
        2,
        1,
        2,
        2,
        0,
        0,
        0,
        2,
        2,
        1,
        2,
        2,
        2,
        1,
        1,
        0,
        2,
        2,
        1,
        1,
        0,
        1,
        0,
        1,
        2,
        0,
        0,
        2,
        2,
        2,
        0,
        2,
        1,
        0,
        0,
        2,
        2,
        2,
        0,
        2,
        1,
        1,
        0,
        2,
        2,
        1,
        0,
        0,
        0,
        1,
        2,
        1,
        0,
        2,
        2,
        2,
        0,
        0,
        2,
        1,
        0,
        2,
        2,
        2,
        2,
        0,
        1,
        0,
        1,
        2,
        2,
        2,
        2,
        0,
        0,
        0,
        0,
        0,
        1,
        0,
        0,
        1,
        2,
        2
    ],
    "env_label": 2
}