{
    "node_map": {
        "1": [
            0,
            0
        ],
        "2": [
            -7.008481317396743,
            26.20004646613353
        ],
        "3": [
            -15.907057425039483,
            -38.414875590954644
        ],
        "4": [
            36.732765932002536,
            46.884845853140206
        ],
        "5": [
            26.428316431678,
            -0.7837885213986553
        ],
        "6": [
            33.76520901143468,
            13.986144870202907
        ],
        "7": [
            31.76359920700766,
            34.077944369359344
        ],
        "8": [
            32.4683385883518,
            31.983815768091603
        ]
    },
    "label_list": [
        0,
        0,
        2,
        1,
        1,
        0,
        1,
        1,
        2,
        1,
        1,
        1,
        2,
        1,
        2,
        0,
        1,
        2,
        1,
        1,
        2,
        0,
        1,
        1,
        1,
        1,
        0,
        2,
        2,
        1,
        1,
        0,
        0,
        1,
        1,
        0,
        0,
        2,
        0,
        2,
        2,
        1,
        0,
        2,
        1,
        0,
        0,
        0,
        2,
        2,
        2,
        2,
        2,
        2,
        0,
        2,
        2,
        0,
        1,
        1,
        2,
        0,
        1,
        2,
        0,
        1,
        1,
        1,
        0,
        2,
        0,
        2,
        0,
        0,
        1,
        0,
        2,
        1,
        1,
        1,
        0,
        1,
        2,
        1,
        1,
        0,
        1,
        2,
        2,
        2,
        2,
        2,
        2,
        2,
        1,
        0,
        1,
        1,
        2,
        2,
        2,
        2,
        0,
        2,
        0,
        2,
        0,
        1,
        0,
        0,
        1,
        0,
        1,
        2,
        1,
        2,
        1,
        2,
        1,
        2
    ],
    "env_label": 1
}