{
    "node_map": {
        "1": [
            0,
            0
        ],
        "2": [
            47.57390376712266,
            27.532934439757568
        ],
        "3": [
            -16.865026595081943,
            -27.21518302904078
        ],
        "4": [
            -39.311312104738974,
            39.11508334577046
        ],
        "5": [
            49.282168037461105,
            11.952567890435475
        ],
        "6": [
            16.43046360984367,
            -16.42399572542127
        ],
        "7": [
            43.30297946472854,
            30.544026277278846
        ],
        "8": [
            -12.539637807073944,
            -32.619360414391664
        ]
    },
    "label_list": [
        1,
        0,
        0,
        2,
        2,
        2,
        0,
        2,
        2,
        2,
        1,
        1,
        2,
        1,
        0,
        2,
        1,
        2,
        0,
        1,
        2,
        1,
        0,
        0,
        2,
        2,
        1,
        2,
        2,
        2,
        0,
        2,
        1,
        0,
        1,
        1,
        2,
        0,
        1,
        2,
        2,
        1,
        0,
        2,
        1,
        0,
        2,
        2,
        2,
        0,
        0,
        2,
        2,
        1,
        0,
        1,
        0,
        1,
        1,
        1,
        2,
        2,
        1,
        2,
        2,
        1,
        2,
        0,
        1,
        2,
        0,
        0,
        0,
        2,
        2,
        2,
        2,
        0,
        2,
        2,
        0,
        1,
        0,
        0,
        0,
        1,
        2,
        1,
        0,
        2,
        1,
        0,
        2,
        2,
        2,
        2,
        2,
        0,
        1,
        2,
        0,
        0,
        2,
        0,
        2,
        0,
        2,
        0,
        0,
        0,
        0,
        2,
        0,
        2,
        0,
        2,
        1,
        1,
        1,
        0
    ],
    "env_label": 2
}