{
    "node_map": {
        "1": [
            0,
            0
        ],
        "2": [
            -14.299027351497884,
            -47.02410924342901
        ],
        "3": [
            -49.814745337777076,
            -27.092039265678764
        ],
        "4": [
            -25.154766459186746,
            32.04011110283338
        ],
        "5": [
            -9.516959420064012,
            71.12389283511774
        ],
        "6": [
            -0.8334187085997371,
            -84.4258354320831
        ],
        "7": [
            -35.28282185374627,
            -76.18175161567453
        ],
        "8": [
            -36.00612537114769,
            96.74926024773433
        ]
    },
    "label_list": [
        1,
        2,
        0,
        0,
        2,
        2,
        1,
        2,
        2,
        0,
        0,
        1,
        2,
        1,
        2,
        1,
        0,
        2,
        0,
        2,
        0,
        1,
        0,
        2,
        1,
        0,
        1,
        0,
        0,
        2,
        0,
        2,
        0,
        2,
        0,
        1,
        0,
        0,
        0,
        1,
        1,
        0,
        1,
        0,
        2,
        2,
        0,
        1,
        2,
        0,
        2,
        1,
        2,
        0,
        0,
        1,
        1,
        2,
        1,
        2,
        1,
        1,
        2,
        0,
        0,
        2,
        0,
        1,
        1,
        2,
        0,
        0,
        2,
        0,
        0,
        0,
        2,
        2,
        1,
        0,
        1,
        1,
        0,
        0,
        2,
        0,
        1,
        2,
        0,
        0,
        0,
        2,
        1,
        1,
        1,
        2,
        2,
        0,
        0,
        1,
        0,
        1,
        0,
        1,
        1,
        0,
        1,
        0,
        2,
        1,
        1,
        1,
        1,
        1,
        1,
        1,
        0,
        2,
        1,
        1
    ],
    "env_label": 0
}