{
    "node_map": {
        "1": [
            0,
            0
        ],
        "2": [
            -27.672101893540457,
            -33.41266093814552
        ],
        "3": [
            -73.08886873877181,
            -34.7266680682274
        ],
        "4": [
            -34.048442060499355,
            -69.36267516616878
        ],
        "5": [
            19.330163392067874,
            35.07350633229714
        ],
        "6": [
            39.520260231599394,
            76.80755153654516
        ],
        "7": [
            -38.31103884778002,
            6.210764845557321
        ],
        "8": [
            -70.35154732380519,
            -74.54702663682568
        ],
        "9": [
            87.94529009917574,
            76.13918028405601
        ],
        "10": [
            39.90659477943859,
            -0.15824997693138698
        ],
        "11": [
            -6.5078487151574365,
            93.44606924329412
        ]
    },
    "label_list": [
        2,
        2,
        1,
        1,
        0,
        0,
        0,
        2,
        2,
        0,
        1,
        1,
        2,
        2,
        1,
        0,
        1,
        0,
        1,
        2,
        0,
        1,
        2,
        1,
        0,
        1,
        1,
        2,
        0,
        2,
        0,
        0,
        1,
        1,
        1,
        0,
        0,
        1,
        1,
        0,
        0,
        1,
        2,
        1,
        2,
        2,
        0,
        2,
        2,
        1,
        1,
        1,
        1,
        2,
        0,
        1,
        2,
        1,
        2,
        2,
        1,
        1,
        0,
        2,
        0,
        0,
        1,
        2,
        1,
        1,
        1,
        0,
        1,
        2,
        0,
        2,
        2,
        0,
        2,
        0,
        2,
        0,
        0,
        0,
        1,
        2,
        2,
        0,
        1,
        2,
        1,
        0,
        0,
        1,
        0,
        1,
        1,
        1,
        0,
        1,
        2,
        0,
        2,
        0,
        2,
        1,
        0,
        1,
        2,
        0,
        0,
        0,
        2,
        2,
        0,
        2,
        1,
        0,
        0,
        0
    ],
    "env_label": 1
}