{
    "node_map": {
        "1": [
            0,
            0
        ],
        "2": [
            46.77304490439542,
            -10.545283631777693
        ],
        "3": [
            50.95140250788381,
            -54.03670184565763
        ],
        "4": [
            -46.246774814517536,
            12.097691902003476
        ],
        "5": [
            42.26539515810842,
            44.58504060897775
        ],
        "6": [
            -4.64278057061594,
            79.47002102768803
        ],
        "7": [
            14.165741093712981,
            -95.24360185507396
        ],
        "8": [
            78.66735173898405,
            65.45657273896296
        ],
        "9": [
            -85.0129720377152,
            43.23648147840839
        ],
        "10": [
            -21.85938287617401,
            -75.84856971641776
        ]
    },
    "label_list": [
        2,
        0,
        1,
        2,
        1,
        0,
        0,
        1,
        2,
        1,
        0,
        0,
        2,
        0,
        1,
        2,
        2,
        0,
        0,
        2,
        1,
        1,
        2,
        0,
        0,
        0,
        0,
        1,
        2,
        0,
        2,
        0,
        1,
        1,
        2,
        1,
        0,
        2,
        1,
        1,
        0,
        1,
        1,
        1,
        2,
        2,
        2,
        2,
        0,
        0,
        2,
        2,
        1,
        2,
        1,
        0,
        1,
        2,
        0,
        0,
        0,
        2,
        1,
        1,
        2,
        0,
        2,
        0,
        2,
        1,
        2,
        0,
        1,
        0,
        0,
        0,
        1,
        0,
        1,
        1,
        1,
        0,
        1,
        2,
        2,
        0,
        1,
        0,
        0,
        0,
        0,
        1,
        1,
        2,
        1,
        1,
        2,
        1,
        2,
        1,
        0,
        2,
        0,
        1,
        1,
        0,
        1,
        0,
        1,
        2,
        2,
        2,
        0,
        2,
        1,
        1,
        2,
        0,
        0,
        1
    ],
    "env_label": 0
}