{
    "node_map": {
        "1": [
            0,
            0
        ],
        "2": [
            -37.16087444321185,
            -31.05305166544734
        ],
        "3": [
            34.0197485854265,
            -30.32341586877385
        ],
        "4": [
            11.964485297424332,
            -71.22108864622837
        ],
        "5": [
            72.54719836804838,
            -22.02114464787455
        ],
        "6": [
            22.098351477104416,
            37.359824183015974
        ],
        "7": [
            -68.53317151852183,
            -14.80757027857706
        ],
        "8": [
            34.52520450453403,
            81.26062150407415
        ]
    },
    "label_list": [
        2,
        2,
        1,
        0,
        1,
        2,
        0,
        2,
        1,
        0,
        2,
        2,
        1,
        2,
        2,
        0,
        0,
        0,
        0,
        1,
        1,
        1,
        2,
        2,
        0,
        0,
        1,
        2,
        0,
        2,
        2,
        1,
        0,
        0,
        2,
        2,
        1,
        0,
        0,
        2,
        0,
        0,
        0,
        0,
        2,
        0,
        2,
        1,
        2,
        2,
        0,
        0,
        2,
        2,
        0,
        1,
        0,
        2,
        2,
        1,
        1,
        1,
        1,
        0,
        1,
        2,
        2,
        1,
        2,
        1,
        1,
        0,
        1,
        1,
        1,
        1,
        1,
        0,
        0,
        0,
        2,
        1,
        2,
        0,
        2,
        0,
        0,
        2,
        0,
        0,
        2,
        2,
        1,
        1,
        0,
        1,
        0,
        2,
        2,
        2,
        2,
        0,
        0,
        0,
        1,
        2,
        0,
        0,
        2,
        1,
        2,
        1,
        0,
        0,
        2,
        2,
        1,
        2,
        1,
        1
    ],
    "env_label": 1
}