{
    "node_map": {
        "1": [
            0,
            0
        ],
        "2": [
            -37.43140355267498,
            10.457533709875563
        ],
        "3": [
            35.75828553128761,
            -11.782923751594936
        ],
        "4": [
            64.70644973614904,
            -37.760571210832005
        ],
        "5": [
            30.264572505726676,
            26.88408422851323
        ],
        "6": [
            -84.97412603122174,
            -1.8217738404533463
        ],
        "7": [
            98.53107185862794,
            -61.83394042527313
        ],
        "8": [
            -3.5757012437456837,
            -40.384920582472006
        ],
        "9": [
            72.71520365119116,
            10.283457659604139
        ],
        "10": [
            76.74452510271718,
            47.08827547401063
        ],
        "11": [
            -43.72007357086225,
            -44.82439174358311
        ]
    },
    "label_list": [
        2,
        1,
        2,
        0,
        1,
        0,
        1,
        0,
        2,
        2,
        1,
        0,
        1,
        1,
        1,
        2,
        0,
        1,
        1,
        1,
        0,
        1,
        0,
        0,
        1,
        0,
        0,
        0,
        2,
        1,
        1,
        0,
        0,
        2,
        0,
        0,
        2,
        2,
        1,
        2,
        0,
        2,
        0,
        0,
        1,
        1,
        0,
        0,
        1,
        2,
        1,
        0,
        0,
        2,
        0,
        0,
        0,
        0,
        2,
        0,
        0,
        2,
        2,
        1,
        0,
        1,
        1,
        0,
        0,
        0,
        0,
        2,
        2,
        2,
        2,
        0,
        1,
        1,
        1,
        0,
        1,
        0,
        0,
        1,
        0,
        2,
        0,
        1,
        2,
        1,
        0,
        2,
        1,
        0,
        0,
        0,
        2,
        0,
        0,
        0,
        1,
        2,
        0,
        1,
        2,
        0,
        2,
        1,
        1,
        2,
        0,
        2,
        1,
        0,
        2,
        1,
        2,
        2,
        1,
        1
    ],
    "env_label": 2
}