{
    "node_map": {
        "1": [
            0,
            0
        ],
        "2": [
            -43.035277544078454,
            -5.099522894776996
        ],
        "3": [
            16.87269768091255,
            34.453784458876356
        ],
        "4": [
            11.108051629051445,
            83.18144066559194
        ],
        "5": [
            60.62181675470521,
            32.82538099027269
        ],
        "6": [
            -45.0741594255176,
            41.815376941624436
        ],
        "7": [
            46.70800810462009,
            71.22336416530226
        ],
        "8": [
            92.72312290381632,
            1.3116829905120255
        ],
        "9": [
            -84.37188441590071,
            -19.1428069531012
        ],
        "10": [
            91.75979354442677,
            52.87515029518593
        ]
    },
    "label_list": [
        1,
        1,
        0,
        0,
        1,
        0,
        0,
        1,
        2,
        2,
        1,
        2,
        2,
        0,
        2,
        1,
        2,
        1,
        1,
        0,
        1,
        2,
        0,
        2,
        2,
        0,
        0,
        0,
        2,
        0,
        0,
        0,
        0,
        0,
        1,
        0,
        1,
        0,
        0,
        0,
        2,
        1,
        0,
        1,
        1,
        2,
        1,
        1,
        1,
        0,
        2,
        1,
        0,
        1,
        0,
        1,
        1,
        0,
        0,
        1,
        1,
        1,
        2,
        2,
        2,
        0,
        2,
        2,
        1,
        0,
        0,
        1,
        1,
        1,
        1,
        1,
        1,
        0,
        1,
        0,
        1,
        0,
        1,
        0,
        1,
        0,
        2,
        0,
        0,
        1,
        2,
        2,
        0,
        0,
        1,
        0,
        2,
        0,
        1,
        2,
        0,
        1,
        2,
        0,
        2,
        1,
        2,
        1,
        0,
        0,
        0,
        2,
        1,
        2,
        2,
        0,
        0,
        1,
        0,
        1
    ],
    "env_label": 2
}