{
    "node_map": {
        "1": [
            0,
            0
        ],
        "2": [
            44.179060556108624,
            -10.622247730003508
        ],
        "3": [
            41.62852462041235,
            38.02565469726919
        ],
        "4": [
            10.379860498065064,
            -49.03483876708034
        ],
        "5": [
            -3.3660792017192662,
            2.8290144544944837
        ],
        "6": [
            -3.148651503586649,
            16.964082767502603
        ],
        "7": [
            11.851151226028541,
            2.869762957485058
        ],
        "8": [
            -7.936667874160989,
            1.4271217587231035
        ]
    },
    "label_list": [
        0,
        2,
        2,
        0,
        2,
        0,
        0,
        1,
        0,
        0,
        0,
        0,
        2,
        0,
        1,
        1,
        2,
        1,
        0,
        0,
        1,
        1,
        2,
        1,
        0,
        0,
        1,
        1,
        0,
        1,
        0,
        1,
        0,
        2,
        2,
        1,
        2,
        1,
        1,
        2,
        1,
        2,
        0,
        1,
        0,
        2,
        0,
        1,
        2,
        0,
        2,
        0,
        2,
        1,
        1,
        0,
        1,
        0,
        2,
        1,
        1,
        1,
        0,
        0,
        1,
        2,
        1,
        2,
        1,
        0,
        1,
        0,
        2,
        1,
        0,
        2,
        1,
        0,
        2,
        1,
        1,
        2,
        2,
        2,
        0,
        1,
        0,
        1,
        1,
        1,
        2,
        1,
        2,
        2,
        0,
        1,
        0,
        2,
        0,
        2,
        1,
        1,
        0,
        1,
        0,
        1,
        0,
        1,
        2,
        0,
        1,
        2,
        1,
        0,
        2,
        0,
        1,
        0,
        2,
        2
    ],
    "env_label": 0
}