{
    "node_map": {
        "1": [
            0,
            0
        ],
        "2": [
            28.267314981318734,
            13.859167103263303
        ],
        "3": [
            -7.090270146155234,
            44.684270520028804
        ],
        "4": [
            35.283114851050684,
            34.06787651178229
        ],
        "5": [
            37.69925945416438,
            38.180545402687756
        ],
        "6": [
            43.97229980850773,
            33.33147472069871
        ],
        "7": [
            3.933722340895308,
            13.12896803938608
        ],
        "8": [
            7.327909200208019,
            49.25023005599482
        ]
    },
    "label_list": [
        2,
        2,
        0,
        2,
        0,
        1,
        0,
        2,
        1,
        0,
        0,
        1,
        0,
        2,
        1,
        2,
        0,
        1,
        2,
        2,
        2,
        1,
        2,
        0,
        0,
        2,
        0,
        2,
        1,
        0,
        1,
        2,
        2,
        1,
        2,
        1,
        1,
        0,
        2,
        2,
        2,
        2,
        0,
        2,
        1,
        0,
        0,
        1,
        0,
        2,
        0,
        1,
        2,
        0,
        2,
        0,
        2,
        0,
        2,
        1,
        1,
        1,
        0,
        0,
        0,
        2,
        1,
        2,
        1,
        1,
        1,
        1,
        2,
        0,
        1,
        1,
        1,
        2,
        1,
        2,
        0,
        1,
        1,
        2,
        2,
        0,
        0,
        1,
        0,
        0,
        2,
        2,
        2,
        2,
        1,
        0,
        1,
        2,
        1,
        0,
        1,
        2,
        2,
        2,
        2,
        0,
        1,
        2,
        2,
        2,
        1,
        1,
        0,
        2,
        2,
        0,
        2,
        0,
        2,
        1
    ],
    "env_label": 0
}