{
    "node_map": {
        "1": [
            0,
            0
        ],
        "2": [
            -46.390272574889124,
            38.67102182012779
        ],
        "3": [
            -16.304394719908032,
            45.09892753391482
        ],
        "4": [
            -38.59762877436542,
            16.346550136379292
        ],
        "5": [
            -9.184604072546286,
            14.762556710918986
        ],
        "6": [
            5.201913500092161,
            -6.302892329900935
        ],
        "7": [
            -48.47469128157874,
            7.860857245829166
        ],
        "8": [
            -4.044396862495482,
            -49.68776922648669
        ]
    },
    "label_list": [
        2,
        0,
        1,
        0,
        0,
        1,
        1,
        0,
        0,
        0,
        1,
        0,
        0,
        0,
        0,
        2,
        0,
        1,
        2,
        2,
        1,
        0,
        0,
        0,
        2,
        0,
        0,
        0,
        1,
        1,
        2,
        0,
        0,
        0,
        2,
        1,
        0,
        2,
        1,
        1,
        0,
        2,
        0,
        1,
        2,
        0,
        2,
        0,
        1,
        2,
        1,
        1,
        2,
        1,
        2,
        1,
        2,
        0,
        2,
        2,
        2,
        0,
        1,
        0,
        0,
        1,
        2,
        0,
        0,
        0,
        2,
        2,
        2,
        1,
        1,
        1,
        2,
        1,
        2,
        0,
        0,
        1,
        1,
        0,
        2,
        2,
        0,
        1,
        1,
        0,
        2,
        2,
        1,
        0,
        0,
        0,
        1,
        2,
        2,
        0,
        2,
        2,
        1,
        1,
        1,
        2,
        2,
        0,
        0,
        2,
        2,
        0,
        1,
        0,
        1,
        0,
        2,
        0,
        1,
        2
    ],
    "env_label": 0
}