{
    "node_map": {
        "1": [
            0,
            0
        ],
        "2": [
            31.563510832505273,
            -48.41533448540447
        ],
        "3": [
            55.16551536111197,
            -81.57916907592721
        ],
        "4": [
            5.273971895262505,
            57.73319029822042
        ],
        "5": [
            -29.92453473071184,
            96.16478251275245
        ],
        "6": [
            -50.677492854139516,
            57.376298958271576
        ],
        "7": [
            94.39300156826181,
            -62.27044174255867
        ],
        "8": [
            -75.04045975187053,
            12.683847776093245
        ],
        "9": [
            -62.79843499653177,
            -26.854272996514
        ],
        "10": [
            -72.99455669333292,
            -66.49418594511236
        ]
    },
    "label_list": [
        2,
        2,
        2,
        2,
        1,
        0,
        1,
        1,
        1,
        2,
        2,
        2,
        2,
        0,
        0,
        1,
        1,
        0,
        0,
        0,
        1,
        1,
        2,
        1,
        0,
        2,
        2,
        2,
        1,
        2,
        0,
        0,
        2,
        1,
        1,
        1,
        2,
        2,
        2,
        1,
        1,
        2,
        0,
        1,
        2,
        2,
        0,
        0,
        2,
        1,
        2,
        1,
        2,
        2,
        0,
        2,
        0,
        2,
        1,
        1,
        2,
        2,
        0,
        2,
        1,
        1,
        0,
        0,
        2,
        2,
        0,
        2,
        1,
        2,
        0,
        1,
        1,
        0,
        1,
        1,
        2,
        2,
        1,
        2,
        2,
        1,
        0,
        2,
        2,
        2,
        1,
        0,
        0,
        2,
        0,
        0,
        1,
        1,
        0,
        1,
        1,
        2,
        0,
        2,
        2,
        1,
        0,
        0,
        2,
        0,
        2,
        1,
        2,
        2,
        1,
        2,
        1,
        1,
        0,
        0
    ],
    "env_label": 0
}