{
    "node_map": {
        "1": [
            0,
            0
        ],
        "2": [
            -20.293747760880343,
            -30.5842350015615
        ],
        "3": [
            20.562326692522674,
            38.85858846774359
        ],
        "4": [
            -38.66908804536801,
            -20.462672859127608
        ],
        "5": [
            -29.77008987677834,
            35.200515167732235
        ],
        "6": [
            -23.89063763162157,
            -25.150265687697626
        ],
        "7": [
            39.424195323968874,
            -48.25149437055835
        ],
        "8": [
            -43.99247570653508,
            48.9103579467465
        ]
    },
    "label_list": [
        0,
        1,
        0,
        0,
        1,
        0,
        2,
        1,
        0,
        0,
        1,
        2,
        2,
        1,
        0,
        0,
        2,
        0,
        2,
        2,
        2,
        1,
        0,
        0,
        0,
        0,
        1,
        1,
        1,
        1,
        2,
        1,
        0,
        0,
        0,
        2,
        0,
        1,
        1,
        0,
        2,
        2,
        2,
        2,
        0,
        1,
        2,
        0,
        1,
        1,
        0,
        0,
        2,
        1,
        2,
        1,
        0,
        1,
        0,
        2,
        0,
        2,
        1,
        2,
        1,
        2,
        2,
        0,
        0,
        0,
        1,
        0,
        0,
        1,
        2,
        1,
        0,
        0,
        0,
        2,
        0,
        2,
        1,
        1,
        0,
        1,
        2,
        2,
        0,
        1,
        2,
        1,
        1,
        2,
        0,
        0,
        1,
        2,
        1,
        2,
        2,
        2,
        1,
        1,
        2,
        0,
        0,
        0,
        1,
        0,
        1,
        1,
        2,
        0,
        2,
        1,
        1,
        2,
        2,
        2
    ],
    "env_label": 2
}