{
    "node_map": {
        "1": [
            0,
            0
        ],
        "2": [
            31.196401720694567,
            36.4719730718943
        ],
        "3": [
            -30.02963126097441,
            37.31114815374211
        ],
        "4": [
            -1.8448704571099341,
            10.780570799584552
        ],
        "5": [
            -44.814125507493095,
            -29.363054478793206
        ],
        "6": [
            -9.385273749030986,
            -18.774652801846102
        ],
        "7": [
            46.687726672830635,
            -4.467333282418615
        ],
        "8": [
            11.036028081373757,
            20.17333238548099
        ]
    },
    "label_list": [
        0,
        0,
        0,
        2,
        0,
        2,
        2,
        1,
        1,
        2,
        2,
        2,
        0,
        0,
        0,
        0,
        2,
        0,
        2,
        0,
        0,
        2,
        2,
        1,
        1,
        0,
        2,
        1,
        2,
        0,
        1,
        0,
        1,
        2,
        0,
        2,
        0,
        2,
        2,
        0,
        0,
        1,
        2,
        2,
        1,
        0,
        2,
        0,
        1,
        0,
        1,
        1,
        0,
        0,
        2,
        1,
        2,
        0,
        2,
        0,
        2,
        2,
        1,
        1,
        0,
        2,
        2,
        1,
        1,
        0,
        2,
        0,
        1,
        1,
        1,
        2,
        2,
        0,
        0,
        1,
        2,
        0,
        2,
        0,
        2,
        2,
        2,
        0,
        0,
        0,
        2,
        0,
        1,
        1,
        0,
        0,
        2,
        1,
        0,
        0,
        2,
        1,
        0,
        1,
        2,
        1,
        1,
        1,
        0,
        2,
        0,
        0,
        1,
        1,
        0,
        2,
        0,
        2,
        2,
        0
    ],
    "env_label": 0
}