{
    "node_map": {
        "1": [
            0,
            0
        ],
        "2": [
            46.39837133135302,
            -32.89578323595488
        ],
        "3": [
            87.9526683284318,
            -13.135152822574298
        ],
        "4": [
            22.082578999501152,
            -85.67248154344705
        ],
        "5": [
            66.99450006235594,
            -95.27360415178757
        ],
        "6": [
            -44.582510095116405,
            37.947968060335086
        ],
        "7": [
            -11.317874259387622,
            -61.64208537399003
        ],
        "8": [
            -96.93879336738236,
            20.55522891342305
        ],
        "9": [
            -81.18344837681634,
            57.780241431703246
        ],
        "10": [
            -74.01468951182974,
            -22.701585655152968
        ]
    },
    "label_list": [
        1,
        2,
        1,
        1,
        2,
        1,
        2,
        2,
        0,
        2,
        0,
        2,
        1,
        2,
        0,
        0,
        0,
        2,
        1,
        1,
        2,
        0,
        2,
        0,
        2,
        0,
        2,
        1,
        2,
        1,
        0,
        0,
        2,
        2,
        0,
        1,
        0,
        1,
        2,
        2,
        2,
        2,
        1,
        0,
        0,
        1,
        0,
        1,
        2,
        1,
        2,
        2,
        2,
        2,
        2,
        0,
        2,
        2,
        2,
        1,
        0,
        2,
        0,
        2,
        1,
        1,
        1,
        0,
        2,
        1,
        1,
        1,
        2,
        2,
        1,
        1,
        0,
        1,
        0,
        1,
        0,
        2,
        0,
        2,
        1,
        0,
        2,
        1,
        0,
        1,
        1,
        1,
        2,
        1,
        0,
        0,
        1,
        2,
        1,
        1,
        2,
        0,
        1,
        1,
        0,
        1,
        2,
        1,
        2,
        2,
        1,
        2,
        1,
        2,
        2,
        2,
        1,
        0,
        1,
        1
    ],
    "env_label": 0
}