{
    "node_map": {
        "1": [
            0,
            0
        ],
        "2": [
            23.347038659974956,
            -39.50240186654479
        ],
        "3": [
            -42.73804390791429,
            -18.97168066440922
        ],
        "4": [
            9.86306149826217,
            -73.47450078450251
        ],
        "5": [
            -65.38573377371644,
            -61.79002849329478
        ],
        "6": [
            -40.22468508802775,
            21.46781545104639
        ],
        "7": [
            -83.64745687105766,
            -17.508141485738122
        ],
        "8": [
            13.127923433648633,
            46.127020366495515
        ],
        "9": [
            46.76194108669861,
            -66.01343649163209
        ],
        "10": [
            7.957795753086799,
            92.35301109030453
        ]
    },
    "label_list": [
        1,
        0,
        1,
        0,
        2,
        1,
        2,
        1,
        0,
        0,
        1,
        2,
        0,
        2,
        0,
        1,
        0,
        1,
        1,
        1,
        0,
        1,
        0,
        0,
        2,
        0,
        2,
        0,
        1,
        2,
        0,
        2,
        0,
        2,
        2,
        0,
        1,
        1,
        1,
        0,
        1,
        0,
        1,
        0,
        2,
        0,
        0,
        1,
        2,
        1,
        1,
        2,
        1,
        2,
        1,
        2,
        1,
        1,
        0,
        1,
        1,
        0,
        2,
        1,
        0,
        1,
        0,
        0,
        0,
        0,
        0,
        0,
        2,
        1,
        1,
        0,
        2,
        2,
        2,
        2,
        1,
        0,
        2,
        2,
        1,
        0,
        0,
        2,
        1,
        0,
        2,
        0,
        0,
        2,
        0,
        1,
        0,
        2,
        1,
        1,
        2,
        2,
        2,
        2,
        2,
        0,
        2,
        0,
        2,
        2,
        0,
        0,
        0,
        0,
        0,
        0,
        2,
        1,
        0,
        0
    ],
    "env_label": 0
}