{
    "node_map": {
        "1": [
            0,
            0
        ],
        "2": [
            -10.065729229040741,
            -45.64244508189803
        ],
        "3": [
            -42.74159008491991,
            -79.54775697841711
        ],
        "4": [
            31.85006355382373,
            16.704328804859017
        ],
        "5": [
            15.093463746341754,
            -78.97320360185844
        ],
        "6": [
            -39.38409056194423,
            13.104403760661
        ],
        "7": [
            30.981249170329363,
            -38.14179819611052
        ],
        "8": [
            78.70030552316979,
            18.435899257991267
        ],
        "9": [
            83.21751665628761,
            -27.617806526526323
        ],
        "10": [
            -79.21920813691656,
            34.58356062068074
        ],
        "11": [
            -84.0886852867301,
            74.524531018287
        ]
    },
    "label_list": [
        0,
        2,
        1,
        0,
        0,
        2,
        2,
        0,
        2,
        0,
        0,
        2,
        2,
        0,
        0,
        0,
        1,
        2,
        0,
        2,
        1,
        0,
        2,
        1,
        1,
        2,
        0,
        1,
        0,
        0,
        2,
        2,
        0,
        0,
        1,
        2,
        0,
        1,
        2,
        1,
        0,
        2,
        2,
        0,
        1,
        1,
        1,
        2,
        2,
        0,
        2,
        1,
        0,
        2,
        1,
        2,
        2,
        0,
        1,
        2,
        1,
        1,
        2,
        2,
        0,
        1,
        1,
        0,
        2,
        2,
        0,
        2,
        1,
        0,
        2,
        1,
        1,
        0,
        2,
        0,
        0,
        0,
        0,
        0,
        1,
        2,
        2,
        1,
        0,
        1,
        1,
        0,
        1,
        0,
        0,
        2,
        2,
        1,
        2,
        2,
        1,
        2,
        2,
        0,
        2,
        0,
        0,
        0,
        0,
        0,
        2,
        1,
        2,
        0,
        2,
        0,
        2,
        0,
        2,
        1
    ],
    "env_label": 2
}