{
    "node_map": {
        "1": [
            0,
            0
        ],
        "2": [
            47.81649377046057,
            -28.784871089306108
        ],
        "3": [
            45.4511269310282,
            3.4316533263304763
        ],
        "4": [
            -0.1438621968422069,
            -20.37313398197549
        ],
        "5": [
            7.352107191947667,
            -0.295114277184382
        ],
        "6": [
            -39.39502134003114,
            17.884746587938082
        ],
        "7": [
            -40.49069155043691,
            -18.24733604741461
        ],
        "8": [
            40.8749525671728,
            49.411618000585435
        ]
    },
    "label_list": [
        0,
        2,
        2,
        1,
        0,
        0,
        0,
        0,
        0,
        1,
        0,
        0,
        1,
        0,
        2,
        0,
        0,
        1,
        0,
        1,
        2,
        1,
        2,
        0,
        0,
        1,
        0,
        0,
        1,
        1,
        2,
        2,
        0,
        2,
        1,
        2,
        1,
        2,
        2,
        0,
        2,
        0,
        1,
        1,
        2,
        1,
        0,
        0,
        0,
        2,
        1,
        1,
        0,
        1,
        1,
        1,
        2,
        0,
        1,
        0,
        1,
        1,
        2,
        0,
        2,
        1,
        1,
        1,
        1,
        2,
        2,
        1,
        0,
        1,
        0,
        0,
        0,
        1,
        1,
        2,
        0,
        0,
        2,
        0,
        2,
        0,
        1,
        1,
        2,
        1,
        1,
        0,
        2,
        1,
        2,
        1,
        1,
        1,
        0,
        0,
        2,
        0,
        2,
        2,
        0,
        2,
        2,
        1,
        2,
        0,
        0,
        2,
        2,
        1,
        1,
        2,
        2,
        2,
        2,
        2
    ],
    "env_label": 1
}