{
    "node_map": {
        "1": [
            0,
            0
        ],
        "2": [
            -16.374778057090467,
            44.18826537664344
        ],
        "3": [
            -75.2202045753849,
            43.56069497860594
        ],
        "4": [
            -26.086577029991403,
            -32.566799128590574
        ],
        "5": [
            -0.2211996016507669,
            86.19745203819201
        ],
        "6": [
            56.83568460671327,
            -10.796157324137084
        ],
        "7": [
            61.36965860041917,
            -67.69411378941385
        ],
        "8": [
            80.09907764406222,
            35.84632702212488
        ],
        "9": [
            -80.89065332206353,
            95.58650824966324
        ],
        "10": [
            -76.26651479987939,
            -39.27226540982451
        ]
    },
    "label_list": [
        0,
        1,
        2,
        2,
        1,
        1,
        2,
        2,
        0,
        0,
        0,
        2,
        0,
        2,
        0,
        0,
        2,
        2,
        0,
        0,
        2,
        0,
        0,
        2,
        0,
        1,
        2,
        2,
        1,
        2,
        0,
        0,
        0,
        1,
        0,
        0,
        0,
        0,
        1,
        2,
        0,
        2,
        0,
        1,
        1,
        0,
        0,
        1,
        1,
        1,
        0,
        1,
        0,
        1,
        0,
        2,
        1,
        2,
        0,
        1,
        0,
        1,
        1,
        2,
        1,
        2,
        0,
        2,
        0,
        2,
        1,
        0,
        1,
        2,
        0,
        2,
        1,
        0,
        1,
        1,
        0,
        2,
        2,
        1,
        2,
        2,
        0,
        0,
        0,
        0,
        0,
        1,
        2,
        0,
        2,
        1,
        2,
        1,
        1,
        0,
        2,
        0,
        1,
        1,
        0,
        2,
        0,
        0,
        0,
        1,
        0,
        0,
        0,
        0,
        1,
        2,
        1,
        0,
        2,
        1
    ],
    "env_label": 0
}