{
    "node_map": {
        "1": [
            0,
            0
        ],
        "2": [
            0.7464412419046269,
            45.59005540604518
        ],
        "3": [
            -16.531767843444136,
            -49.10844863155259
        ],
        "4": [
            -48.52531443141944,
            32.609802538127425
        ],
        "5": [
            16.938381402155684,
            47.16779339086736
        ],
        "6": [
            6.63686063738448,
            -6.29710675609104
        ],
        "7": [
            -40.03227725226137,
            -43.253144959478604
        ],
        "8": [
            42.21569927020482,
            21.794305570831725
        ]
    },
    "label_list": [
        0,
        2,
        1,
        0,
        0,
        0,
        1,
        0,
        2,
        0,
        1,
        1,
        2,
        1,
        1,
        2,
        1,
        1,
        1,
        2,
        2,
        1,
        0,
        0,
        0,
        1,
        1,
        1,
        1,
        1,
        0,
        2,
        1,
        2,
        0,
        2,
        1,
        1,
        2,
        2,
        1,
        0,
        2,
        0,
        1,
        1,
        2,
        1,
        0,
        1,
        0,
        2,
        2,
        2,
        2,
        2,
        1,
        2,
        2,
        0,
        1,
        0,
        0,
        0,
        0,
        2,
        1,
        2,
        1,
        0,
        1,
        1,
        2,
        0,
        1,
        1,
        0,
        1,
        0,
        0,
        0,
        0,
        0,
        0,
        1,
        2,
        0,
        0,
        2,
        2,
        2,
        1,
        1,
        2,
        1,
        0,
        2,
        1,
        1,
        0,
        0,
        2,
        2,
        2,
        1,
        1,
        2,
        1,
        0,
        1,
        0,
        2,
        2,
        0,
        0,
        0,
        1,
        0,
        0,
        1
    ],
    "env_label": 2
}