{
    "node_map": {
        "1": [
            0,
            0
        ],
        "2": [
            -5.313932932860126,
            -38.069730008406786
        ],
        "3": [
            -44.505216404337155,
            -36.93308541205671
        ],
        "4": [
            -75.42822584466151,
            -70.66834393835248
        ],
        "5": [
            -52.6548977923077,
            5.523456321982991
        ],
        "6": [
            42.09809169401879,
            -40.86228437691452
        ],
        "7": [
            38.70130248902609,
            13.415569406165858
        ],
        "8": [
            -40.84247092146367,
            51.46990482806015
        ],
        "9": [
            -60.18192850748587,
            87.40488144861439
        ],
        "10": [
            -95.17772314654209,
            -17.392188310131317
        ],
        "11": [
            -92.85705240770572,
            55.459377828179356
        ],
        "12": [
            55.371194538315365,
            -80.8418281742442
        ]
    },
    "label_list": [
        1,
        0,
        0,
        1,
        1,
        0,
        2,
        1,
        0,
        0,
        1,
        2,
        1,
        2,
        1,
        0,
        2,
        1,
        0,
        2,
        0,
        1,
        1,
        0,
        0,
        2,
        2,
        0,
        2,
        1,
        0,
        1,
        0,
        0,
        1,
        0,
        0,
        0,
        0,
        2,
        0,
        1,
        2,
        0,
        2,
        1,
        1,
        1,
        0,
        0,
        0,
        1,
        2,
        0,
        2,
        1,
        0,
        0,
        1,
        0,
        0,
        2,
        0,
        2,
        1,
        1,
        1,
        0,
        1,
        1,
        1,
        2,
        1,
        0,
        1,
        0,
        2,
        0,
        1,
        1,
        0,
        0,
        1,
        0,
        1,
        2,
        2,
        2,
        0,
        1,
        1,
        1,
        2,
        1,
        2,
        0,
        0,
        0,
        1,
        1,
        2,
        1,
        0,
        2,
        1,
        2,
        0,
        0,
        0,
        1,
        1,
        0,
        0,
        0,
        1,
        0,
        2,
        2,
        2,
        0
    ],
    "env_label": 0
}