{
    "node_map": {
        "1": [
            0,
            0
        ],
        "2": [
            -28.555957309879517,
            -46.8564337285603
        ],
        "3": [
            -1.7927477383248345,
            46.48641392159007
        ],
        "4": [
            42.936430920621376,
            1.2442405778493963
        ],
        "5": [
            75.49668720975268,
            -47.06393911973961
        ],
        "6": [
            -84.3931421709228,
            -59.56200225004557
        ],
        "7": [
            -4.845197004444117,
            -79.86977746883923
        ],
        "8": [
            -29.494480981805538,
            92.81094398623381
        ],
        "9": [
            -82.81322282870107,
            -8.396761337067574
        ],
        "10": [
            -66.16794010280103,
            43.04188713349785
        ]
    },
    "label_list": [
        1,
        0,
        2,
        1,
        2,
        2,
        1,
        2,
        0,
        0,
        2,
        1,
        0,
        2,
        1,
        2,
        0,
        2,
        0,
        1,
        1,
        2,
        0,
        2,
        1,
        2,
        0,
        0,
        2,
        2,
        1,
        2,
        1,
        0,
        1,
        1,
        1,
        0,
        1,
        0,
        2,
        1,
        1,
        1,
        0,
        0,
        1,
        0,
        1,
        1,
        2,
        1,
        0,
        1,
        2,
        1,
        2,
        0,
        0,
        2,
        1,
        2,
        0,
        1,
        0,
        1,
        2,
        1,
        2,
        0,
        1,
        0,
        2,
        1,
        0,
        2,
        2,
        1,
        2,
        2,
        0,
        2,
        0,
        0,
        2,
        2,
        0,
        0,
        0,
        0,
        0,
        2,
        2,
        1,
        0,
        1,
        1,
        2,
        1,
        2,
        1,
        2,
        2,
        1,
        1,
        1,
        0,
        0,
        0,
        1,
        1,
        0,
        2,
        2,
        0,
        2,
        1,
        2,
        0,
        0
    ],
    "env_label": 0
}