{
    "node_map": {
        "1": [
            0,
            0
        ],
        "2": [
            18.336928033572647,
            -30.30677718700396
        ],
        "3": [
            -14.25521504048315,
            -60.02894504658749
        ],
        "4": [
            58.86867673917058,
            -27.846516293954423
        ],
        "5": [
            3.377772363449722,
            -94.9562646830366
        ],
        "6": [
            41.49349345370618,
            5.536880516929372
        ],
        "7": [
            79.44897048328852,
            -68.21165077935589
        ],
        "8": [
            89.61629874151379,
            1.551083681302373
        ],
        "9": [
            29.53654214276594,
            -65.59378366035796
        ],
        "10": [
            -24.73732500140406,
            28.08227261125208
        ]
    },
    "label_list": [
        2,
        2,
        0,
        1,
        0,
        1,
        1,
        0,
        2,
        0,
        2,
        0,
        2,
        1,
        0,
        1,
        0,
        0,
        1,
        1,
        2,
        1,
        0,
        2,
        0,
        0,
        2,
        2,
        0,
        1,
        2,
        0,
        1,
        2,
        2,
        2,
        0,
        2,
        1,
        1,
        0,
        1,
        2,
        1,
        0,
        2,
        0,
        2,
        2,
        2,
        1,
        1,
        2,
        1,
        1,
        2,
        2,
        2,
        0,
        2,
        0,
        0,
        2,
        0,
        0,
        0,
        0,
        2,
        2,
        0,
        0,
        2,
        2,
        1,
        0,
        1,
        0,
        1,
        0,
        0,
        1,
        2,
        0,
        2,
        2,
        1,
        1,
        0,
        2,
        2,
        1,
        2,
        0,
        1,
        2,
        0,
        0,
        1,
        2,
        1,
        1,
        2,
        2,
        0,
        2,
        0,
        0,
        2,
        0,
        1,
        1,
        1,
        2,
        0,
        1,
        0,
        0,
        0,
        2,
        0
    ],
    "env_label": 2
}