{
    "node_map": {
        "1": [
            0,
            0
        ],
        "2": [
            -45.93249785254125,
            37.77422148650189
        ],
        "3": [
            15.918897597817192,
            51.29508321876358
        ],
        "4": [
            -78.20305674070865,
            70.04356474029805
        ],
        "5": [
            -24.090466809177087,
            -32.852451027844396
        ],
        "6": [
            -22.509964349323283,
            -74.97908078924806
        ],
        "7": [
            -71.55601924059368,
            -70.31942056563261
        ],
        "8": [
            51.01194798061297,
            79.43199122130989
        ],
        "9": [
            10.910861074046181,
            95.75540457013972
        ],
        "10": [
            71.36786238347881,
            39.42504938589269
        ]
    },
    "label_list": [
        1,
        1,
        2,
        1,
        1,
        0,
        2,
        1,
        0,
        2,
        0,
        2,
        1,
        1,
        2,
        2,
        0,
        0,
        1,
        1,
        1,
        1,
        0,
        1,
        1,
        0,
        2,
        1,
        2,
        0,
        0,
        2,
        0,
        1,
        0,
        1,
        1,
        0,
        1,
        0,
        2,
        0,
        2,
        0,
        1,
        0,
        2,
        0,
        1,
        2,
        2,
        1,
        2,
        1,
        2,
        0,
        1,
        2,
        2,
        1,
        2,
        1,
        0,
        2,
        0,
        2,
        2,
        1,
        0,
        0,
        2,
        2,
        0,
        1,
        2,
        1,
        0,
        0,
        1,
        0,
        1,
        1,
        0,
        2,
        2,
        1,
        1,
        2,
        2,
        1,
        0,
        1,
        0,
        2,
        0,
        2,
        2,
        0,
        2,
        1,
        1,
        1,
        1,
        0,
        1,
        2,
        2,
        0,
        0,
        0,
        1,
        0,
        1,
        0,
        2,
        1,
        0,
        1,
        1,
        0
    ],
    "env_label": 0
}