{
    "node_map": {
        "1": [
            0,
            0
        ],
        "2": [
            -8.754322116998424,
            -39.40483552031617
        ],
        "3": [
            34.35527522020348,
            46.289911454766454
        ],
        "4": [
            -22.374334583997147,
            35.653585903560156
        ],
        "5": [
            -31.937528383971248,
            42.877553913699316
        ],
        "6": [
            25.8466168918181,
            9.963353210051352
        ],
        "7": [
            44.958793031776935,
            -13.75178976904079
        ],
        "8": [
            48.234046599364774,
            -26.592619983328714
        ]
    },
    "label_list": [
        0,
        2,
        0,
        2,
        0,
        1,
        2,
        0,
        0,
        0,
        2,
        0,
        0,
        0,
        2,
        1,
        0,
        2,
        1,
        2,
        0,
        0,
        1,
        2,
        0,
        1,
        0,
        0,
        1,
        2,
        2,
        2,
        2,
        1,
        1,
        0,
        0,
        0,
        1,
        0,
        2,
        0,
        0,
        2,
        1,
        0,
        1,
        0,
        2,
        2,
        2,
        0,
        2,
        1,
        1,
        0,
        0,
        0,
        2,
        0,
        2,
        2,
        2,
        0,
        0,
        1,
        2,
        1,
        2,
        2,
        1,
        0,
        0,
        0,
        2,
        2,
        0,
        0,
        1,
        2,
        1,
        1,
        0,
        0,
        2,
        0,
        2,
        0,
        0,
        0,
        2,
        1,
        0,
        0,
        2,
        0,
        2,
        1,
        1,
        2,
        2,
        2,
        1,
        0,
        1,
        0,
        0,
        1,
        2,
        1,
        1,
        2,
        1,
        0,
        1,
        2,
        2,
        0,
        2,
        2
    ],
    "env_label": 0
}