{
    "node_map": {
        "1": [
            0,
            0
        ],
        "2": [
            24.945186352656904,
            -30.84960654989011
        ],
        "3": [
            57.76995572101583,
            -8.132493545020722
        ],
        "4": [
            42.540781292398975,
            24.080303052816106
        ],
        "5": [
            20.132942897858186,
            51.0663686001547
        ],
        "6": [
            90.39690189848818,
            35.21668604851743
        ],
        "7": [
            76.96364098737027,
            -43.07196484203737
        ],
        "8": [
            26.64475682784166,
            94.18445431357878
        ],
        "9": [
            67.5665493399145,
            -77.1704538628679
        ],
        "10": [
            -45.69353918504664,
            16.29886941597576
        ]
    },
    "label_list": [
        2,
        1,
        1,
        2,
        0,
        0,
        1,
        1,
        1,
        0,
        1,
        1,
        2,
        1,
        2,
        2,
        1,
        1,
        0,
        0,
        1,
        0,
        2,
        2,
        2,
        2,
        0,
        0,
        2,
        1,
        1,
        1,
        2,
        0,
        2,
        2,
        1,
        2,
        2,
        0,
        2,
        0,
        2,
        2,
        1,
        0,
        2,
        2,
        0,
        1,
        1,
        1,
        0,
        2,
        0,
        0,
        1,
        2,
        1,
        1,
        2,
        2,
        0,
        0,
        1,
        1,
        2,
        2,
        0,
        2,
        1,
        0,
        0,
        2,
        0,
        0,
        1,
        0,
        2,
        1,
        1,
        1,
        0,
        1,
        2,
        2,
        0,
        1,
        0,
        1,
        0,
        1,
        0,
        2,
        2,
        1,
        0,
        0,
        1,
        0,
        1,
        2,
        0,
        2,
        1,
        2,
        0,
        0,
        2,
        1,
        1,
        1,
        0,
        2,
        2,
        2,
        1,
        0,
        2,
        0
    ],
    "env_label": 1
}