{
    "node_map": {
        "1": [
            0,
            0
        ],
        "2": [
            -2.330563365974598,
            49.69555101779841
        ],
        "3": [
            3.048471528207614,
            95.01799098795266
        ],
        "4": [
            39.76468260558309,
            25.34952370902633
        ],
        "5": [
            63.9456686783856,
            63.38750266250756
        ],
        "6": [
            -36.84266717133391,
            22.89552037582058
        ],
        "7": [
            -69.11295137124549,
            1.522525552386341
        ],
        "8": [
            -50.25549030642975,
            -32.51023068676375
        ],
        "9": [
            -44.512663342754855,
            58.48132217293082
        ]
    },
    "label_list": [
        0,
        1,
        1,
        1,
        2,
        2,
        2,
        2,
        0,
        1,
        0,
        2,
        1,
        1,
        0,
        2,
        0,
        2,
        2,
        2,
        2,
        1,
        1,
        2,
        0,
        1,
        0,
        1,
        1,
        0,
        2,
        1,
        2,
        2,
        1,
        2,
        1,
        2,
        0,
        2,
        0,
        1,
        1,
        1,
        0,
        2,
        1,
        2,
        0,
        1,
        1,
        2,
        1,
        1,
        2,
        0,
        0,
        2,
        2,
        2,
        0,
        2,
        0,
        1,
        2,
        1,
        0,
        1,
        0,
        2,
        0,
        1,
        0,
        1,
        2,
        0,
        0,
        2,
        0,
        1,
        0,
        2,
        0,
        1,
        2,
        2,
        1,
        2,
        0,
        2,
        2,
        0,
        0,
        0,
        0,
        1,
        0,
        2,
        1,
        0,
        1,
        0,
        2,
        0,
        0,
        2,
        1,
        2,
        1,
        2,
        1,
        1,
        0,
        0,
        2,
        1,
        1,
        0,
        2,
        2
    ],
    "env_label": 0
}