{
    "node_map": {
        "1": [
            0,
            0
        ],
        "2": [
            35.82352377847438,
            -11.620258139503427
        ],
        "3": [
            -9.454563021963502,
            46.139088501678316
        ],
        "4": [
            20.22989114758063,
            -6.089836317301547
        ],
        "5": [
            31.66867631023038,
            -2.2394130310083113
        ],
        "6": [
            17.770885219704965,
            -21.161889660983135
        ],
        "7": [
            20.49740094951882,
            -11.999096382418685
        ],
        "8": [
            7.05301874138128,
            6.163646308466632
        ]
    },
    "label_list": [
        1,
        0,
        1,
        0,
        0,
        2,
        2,
        0,
        2,
        0,
        1,
        2,
        1,
        2,
        2,
        2,
        0,
        2,
        0,
        0,
        0,
        0,
        0,
        1,
        1,
        2,
        1,
        2,
        1,
        2,
        1,
        1,
        0,
        0,
        0,
        1,
        2,
        0,
        0,
        0,
        2,
        1,
        2,
        1,
        0,
        2,
        2,
        0,
        1,
        1,
        0,
        1,
        1,
        1,
        0,
        0,
        2,
        1,
        1,
        2,
        2,
        0,
        1,
        0,
        1,
        1,
        1,
        2,
        2,
        2,
        1,
        0,
        1,
        1,
        0,
        0,
        0,
        1,
        2,
        1,
        1,
        2,
        2,
        0,
        0,
        0,
        0,
        0,
        2,
        0,
        1,
        1,
        1,
        2,
        0,
        0,
        2,
        0,
        1,
        0,
        1,
        0,
        0,
        0,
        0,
        1,
        2,
        1,
        1,
        1,
        0,
        1,
        0,
        1,
        0,
        1,
        0,
        2,
        1,
        2
    ],
    "env_label": 2
}