{
    "node_map": {
        "1": [
            0,
            0
        ],
        "2": [
            34.18659899919584,
            23.791478240360405
        ],
        "3": [
            10.709761936539365,
            63.20376412041301
        ],
        "4": [
            -44.572462319865316,
            14.961879953034824
        ],
        "5": [
            31.26674229101033,
            -28.58351584647106
        ],
        "6": [
            68.4764342928716,
            35.57424421970259
        ],
        "7": [
            39.75183340513698,
            87.0243917502064
        ],
        "8": [
            -71.3817218877768,
            39.17005385456406
        ],
        "9": [
            77.79482698264044,
            79.05425237117393
        ],
        "10": [
            50.17328353436835,
            -59.62943122363964
        ],
        "11": [
            -12.618781259755195,
            36.95412140829947
        ]
    },
    "label_list": [
        2,
        1,
        1,
        1,
        2,
        2,
        2,
        0,
        1,
        1,
        2,
        1,
        1,
        2,
        2,
        0,
        0,
        0,
        2,
        0,
        2,
        0,
        1,
        2,
        0,
        1,
        2,
        0,
        1,
        2,
        1,
        2,
        1,
        0,
        2,
        1,
        2,
        1,
        0,
        2,
        2,
        0,
        1,
        2,
        2,
        1,
        1,
        2,
        1,
        2,
        1,
        2,
        2,
        0,
        0,
        1,
        0,
        0,
        1,
        1,
        2,
        1,
        2,
        0,
        1,
        2,
        1,
        1,
        0,
        2,
        0,
        1,
        1,
        1,
        2,
        1,
        1,
        2,
        1,
        2,
        0,
        0,
        2,
        2,
        2,
        2,
        2,
        2,
        0,
        1,
        1,
        0,
        0,
        2,
        1,
        1,
        1,
        2,
        2,
        0,
        2,
        0,
        1,
        1,
        0,
        1,
        2,
        1,
        0,
        0,
        1,
        1,
        1,
        0,
        1,
        1,
        2,
        1,
        2,
        0
    ],
    "env_label": 0
}