{
    "node_map": {
        "1": [
            0,
            0
        ],
        "2": [
            -70.32673165690709,
            69.15899669902487
        ],
        "3": [
            13.64360517297348,
            67.4023417491315
        ],
        "4": [
            -57.85916301338709,
            -28.314451123611924
        ],
        "5": [
            -72.0702256335495,
            42.67370723361272
        ],
        "6": [
            -60.745092433761386,
            -49.51016777909544
        ],
        "7": [
            -29.674267442505716,
            -62.44885385191321
        ],
        "8": [
            -22.47914178265458,
            -27.28302408945288
        ]
    },
    "label_list": [
        0,
        0,
        1,
        2,
        1,
        1,
        2,
        1,
        2,
        0,
        1,
        1,
        1,
        1,
        1,
        1,
        1,
        2,
        2,
        1,
        0,
        2,
        0,
        0,
        0,
        1,
        1,
        0,
        0,
        0,
        0,
        0,
        2,
        0,
        1,
        0,
        0,
        2,
        1,
        2,
        1,
        1,
        1,
        1,
        1,
        0,
        1,
        2,
        0,
        0,
        0,
        1,
        1,
        1,
        1,
        2,
        2,
        0,
        0,
        2,
        1,
        2,
        2,
        2,
        2,
        2,
        1,
        2,
        1,
        2,
        1,
        1,
        1,
        1,
        2,
        2,
        2,
        1,
        1,
        2,
        1,
        0,
        1,
        0,
        2,
        1,
        2,
        2,
        1,
        2,
        2,
        2,
        0,
        2,
        1,
        0,
        0,
        1,
        1,
        2,
        0,
        2,
        2,
        2,
        1,
        1,
        0,
        1,
        0,
        1,
        0,
        0,
        1,
        1,
        2,
        1,
        2,
        0,
        1,
        0
    ],
    "env_label": 2
}