{
    "node_map": {
        "1": [
            0,
            0
        ],
        "2": [
            -19.60423425738294,
            40.944684950577624
        ],
        "3": [
            13.765649519327368,
            -45.6997596705458
        ],
        "4": [
            -30.827727199716335,
            -32.01172257230927
        ],
        "5": [
            -56.276142199268705,
            -70.24164093260549
        ],
        "6": [
            -51.53650334944013,
            65.06858855439108
        ],
        "7": [
            49.015205090998535,
            8.611262753162833
        ],
        "8": [
            29.934479572186973,
            51.7886215823259
        ]
    },
    "label_list": [
        0,
        1,
        2,
        1,
        0,
        2,
        2,
        1,
        0,
        2,
        1,
        2,
        0,
        2,
        1,
        2,
        1,
        2,
        1,
        2,
        2,
        0,
        1,
        2,
        0,
        0,
        1,
        2,
        0,
        1,
        0,
        0,
        0,
        2,
        0,
        0,
        0,
        0,
        2,
        0,
        2,
        2,
        1,
        2,
        1,
        1,
        0,
        2,
        0,
        2,
        2,
        0,
        1,
        0,
        1,
        1,
        1,
        0,
        0,
        1,
        1,
        1,
        2,
        1,
        2,
        2,
        1,
        2,
        0,
        1,
        1,
        1,
        0,
        2,
        2,
        2,
        2,
        2,
        2,
        2,
        0,
        2,
        0,
        0,
        0,
        1,
        0,
        2,
        1,
        1,
        0,
        0,
        0,
        2,
        1,
        0,
        0,
        1,
        0,
        0,
        0,
        0,
        0,
        0,
        0,
        0,
        1,
        0,
        1,
        0,
        1,
        2,
        0,
        2,
        2,
        0,
        2,
        2,
        2,
        0
    ],
    "env_label": 0
}