{
    "node_map": {
        "1": [
            0,
            0
        ],
        "2": [
            38.576738855135545,
            8.182765633643328
        ],
        "3": [
            -43.690245340344404,
            -4.739475743652704
        ],
        "4": [
            48.53979764894743,
            53.20704246295011
        ],
        "5": [
            57.13643859293617,
            -32.884394091100816
        ],
        "6": [
            83.4141504951846,
            -8.372902669749976
        ],
        "7": [
            -4.492674756599442,
            -43.111377977188646
        ],
        "8": [
            -33.35307067882319,
            -71.97640171743755
        ],
        "9": [
            22.04876302882009,
            95.30493106339469
        ],
        "10": [
            -52.4292917728719,
            33.43536896254463
        ]
    },
    "label_list": [
        2,
        2,
        0,
        1,
        2,
        0,
        0,
        1,
        2,
        2,
        2,
        2,
        1,
        0,
        0,
        2,
        1,
        0,
        0,
        0,
        2,
        0,
        0,
        0,
        0,
        2,
        2,
        2,
        0,
        2,
        0,
        1,
        0,
        1,
        2,
        0,
        1,
        0,
        0,
        2,
        2,
        2,
        0,
        0,
        2,
        2,
        1,
        0,
        1,
        2,
        1,
        2,
        1,
        0,
        1,
        2,
        0,
        2,
        1,
        2,
        2,
        2,
        0,
        2,
        2,
        1,
        2,
        1,
        0,
        0,
        0,
        1,
        2,
        1,
        0,
        2,
        2,
        1,
        2,
        1,
        0,
        0,
        1,
        0,
        1,
        2,
        1,
        1,
        0,
        2,
        2,
        1,
        1,
        2,
        0,
        1,
        1,
        1,
        1,
        2,
        1,
        1,
        2,
        1,
        1,
        1,
        2,
        1,
        1,
        2,
        0,
        1,
        1,
        0,
        0,
        0,
        2,
        1,
        0,
        2
    ],
    "env_label": 2
}