{
    "node_map": {
        "1": [
            0,
            0
        ],
        "2": [
            13.73569383702656,
            41.490703969057165
        ],
        "3": [
            -6.682958397084661,
            -45.264473138841566
        ],
        "4": [
            45.62724696770596,
            6.96734590434265
        ],
        "5": [
            55.94460130635974,
            -39.60403781620272
        ],
        "6": [
            65.37992126376221,
            -82.40844571929875
        ],
        "7": [
            -43.309181769897734,
            -12.558746333230175
        ],
        "8": [
            -77.54992830571268,
            1.3532812795346842
        ],
        "9": [
            61.30526653605904,
            38.34155855096998
        ],
        "10": [
            19.992880993015632,
            89.88564771388866
        ],
        "11": [
            95.31088537854072,
            -30.671558764605493
        ]
    },
    "label_list": [
        2,
        1,
        1,
        1,
        0,
        0,
        2,
        2,
        2,
        1,
        1,
        2,
        1,
        0,
        0,
        2,
        2,
        0,
        0,
        2,
        0,
        2,
        2,
        1,
        0,
        0,
        0,
        2,
        1,
        1,
        2,
        0,
        0,
        0,
        1,
        1,
        2,
        2,
        0,
        1,
        1,
        1,
        0,
        2,
        0,
        2,
        0,
        1,
        0,
        0,
        0,
        0,
        1,
        1,
        1,
        0,
        1,
        1,
        0,
        1,
        0,
        2,
        0,
        1,
        2,
        2,
        0,
        0,
        1,
        0,
        2,
        2,
        0,
        2,
        1,
        0,
        0,
        2,
        0,
        0,
        2,
        2,
        0,
        0,
        1,
        0,
        0,
        1,
        1,
        0,
        2,
        0,
        0,
        0,
        0,
        0,
        1,
        2,
        1,
        0,
        2,
        0,
        2,
        1,
        2,
        0,
        1,
        0,
        2,
        2,
        0,
        2,
        1,
        2,
        0,
        0,
        0,
        0,
        2,
        1
    ],
    "env_label": 0
}