{
    "node_map": {
        "1": [
            0,
            0
        ],
        "2": [
            -28.624954798720452,
            26.403055615937916
        ],
        "3": [
            -47.67580860089613,
            56.747270478519255
        ],
        "4": [
            21.353003111487467,
            -29.59090408860463
        ],
        "5": [
            66.86157602359836,
            -37.074215337687974
        ],
        "6": [
            14.579787379471014,
            -66.90419257974374
        ],
        "7": [
            -22.474471620538367,
            -71.70326853128358
        ],
        "8": [
            -93.82779674562431,
            56.59059625855929
        ],
        "9": [
            -22.825135673906075,
            -27.75812129056044
        ],
        "10": [
            -62.2385419907177,
            -44.11520130652953
        ],
        "11": [
            -27.30945478957753,
            93.55632910391029
        ]
    },
    "label_list": [
        2,
        0,
        0,
        0,
        0,
        0,
        2,
        1,
        1,
        0,
        1,
        2,
        0,
        0,
        2,
        0,
        0,
        0,
        1,
        1,
        2,
        1,
        1,
        2,
        0,
        0,
        0,
        0,
        1,
        2,
        2,
        0,
        2,
        2,
        1,
        1,
        2,
        2,
        0,
        1,
        2,
        0,
        2,
        1,
        0,
        0,
        1,
        0,
        2,
        2,
        0,
        1,
        0,
        1,
        0,
        0,
        0,
        1,
        1,
        0,
        2,
        0,
        1,
        2,
        0,
        1,
        2,
        2,
        2,
        0,
        1,
        1,
        1,
        1,
        2,
        2,
        0,
        0,
        2,
        2,
        2,
        1,
        1,
        2,
        2,
        1,
        1,
        1,
        2,
        2,
        2,
        2,
        1,
        1,
        0,
        0,
        1,
        0,
        1,
        1,
        1,
        2,
        2,
        0,
        2,
        1,
        0,
        1,
        2,
        2,
        0,
        1,
        2,
        0,
        1,
        1,
        1,
        0,
        2,
        0
    ],
    "env_label": 0
}