{
    "node_map": {
        "1": [
            0,
            0
        ],
        "2": [
            47.648627688319806,
            -18.37196625219262
        ],
        "3": [
            70.63603136157661,
            33.14186285222132
        ],
        "4": [
            -48.36405003847939,
            14.281824156002273
        ],
        "5": [
            39.218057407879655,
            -73.94980214968058
        ],
        "6": [
            -18.59659270934951,
            -59.11225958937103
        ],
        "7": [
            -40.76894198172094,
            55.654332523760246
        ],
        "8": [
            -59.238579676035805,
            96.21816290081335
        ],
        "9": [
            96.80947233764991,
            1.0684819246609294
        ],
        "10": [
            -89.03175765861819,
            9.05166810512003
        ]
    },
    "label_list": [
        1,
        0,
        1,
        1,
        1,
        1,
        0,
        0,
        1,
        0,
        2,
        0,
        1,
        2,
        0,
        0,
        1,
        2,
        2,
        2,
        0,
        1,
        1,
        1,
        2,
        2,
        1,
        1,
        2,
        0,
        1,
        2,
        0,
        2,
        1,
        0,
        1,
        0,
        2,
        1,
        0,
        2,
        0,
        2,
        2,
        1,
        1,
        1,
        0,
        0,
        1,
        0,
        0,
        2,
        0,
        1,
        2,
        1,
        1,
        0,
        2,
        0,
        1,
        2,
        0,
        0,
        1,
        1,
        1,
        0,
        1,
        2,
        0,
        2,
        0,
        2,
        0,
        1,
        0,
        1,
        1,
        0,
        1,
        0,
        1,
        2,
        1,
        0,
        1,
        0,
        2,
        0,
        0,
        2,
        0,
        2,
        1,
        2,
        1,
        1,
        1,
        0,
        0,
        1,
        2,
        2,
        0,
        1,
        1,
        1,
        0,
        2,
        2,
        1,
        0,
        0,
        1,
        0,
        2,
        1
    ],
    "env_label": 0
}