{
    "node_map": {
        "1": [
            0,
            0
        ],
        "2": [
            -0.6784798427647161,
            46.57070608885135
        ],
        "3": [
            -43.79940994138105,
            36.80049210361469
        ],
        "4": [
            -29.22312865195198,
            -34.882935261549136
        ],
        "5": [
            -54.61795518371761,
            -5.894841208533023
        ],
        "6": [
            16.627260597247556,
            92.3844714102566
        ],
        "7": [
            -27.77732375081908,
            89.84687169759789
        ],
        "8": [
            -70.08106698766348,
            66.97016738458788
        ]
    },
    "label_list": [
        2,
        2,
        0,
        1,
        1,
        0,
        2,
        0,
        1,
        0,
        2,
        0,
        2,
        2,
        1,
        1,
        2,
        0,
        0,
        2,
        0,
        0,
        1,
        2,
        2,
        0,
        2,
        0,
        0,
        2,
        2,
        2,
        0,
        2,
        1,
        2,
        2,
        0,
        0,
        1,
        1,
        2,
        2,
        1,
        2,
        0,
        0,
        1,
        2,
        0,
        0,
        2,
        2,
        0,
        1,
        1,
        0,
        0,
        0,
        2,
        0,
        0,
        1,
        1,
        1,
        0,
        2,
        2,
        2,
        1,
        0,
        2,
        2,
        1,
        2,
        1,
        2,
        1,
        1,
        2,
        0,
        2,
        0,
        2,
        1,
        1,
        1,
        2,
        0,
        2,
        0,
        0,
        1,
        1,
        0,
        0,
        2,
        1,
        0,
        2,
        1,
        1,
        2,
        2,
        2,
        1,
        2,
        0,
        0,
        1,
        2,
        1,
        0,
        2,
        1,
        0,
        1,
        0,
        2,
        2
    ],
    "env_label": 2
}