{
    "node_map": {
        "1": [
            0,
            0
        ],
        "2": [
            -43.86817461768713,
            -19.762377584220545
        ],
        "3": [
            -35.45044714007497,
            -53.74108348431817
        ],
        "4": [
            16.68832460971015,
            -40.67630886390481
        ],
        "5": [
            -48.253031244524024,
            22.07077215181667
        ],
        "6": [
            -51.329352102049384,
            -89.72893901197936
        ],
        "7": [
            23.130588705280303,
            -79.01214324070338
        ],
        "8": [
            -75.09633083356731,
            59.60235013824769
        ],
        "9": [
            -88.70958654441598,
            -97.72049263492933
        ]
    },
    "label_list": [
        2,
        2,
        2,
        0,
        2,
        0,
        0,
        2,
        0,
        2,
        1,
        1,
        0,
        0,
        2,
        0,
        0,
        1,
        0,
        0,
        0,
        0,
        2,
        0,
        1,
        2,
        0,
        0,
        2,
        0,
        2,
        1,
        1,
        0,
        1,
        1,
        0,
        0,
        1,
        2,
        1,
        0,
        0,
        1,
        2,
        2,
        1,
        2,
        0,
        1,
        2,
        0,
        0,
        0,
        2,
        2,
        0,
        1,
        0,
        0,
        1,
        2,
        2,
        2,
        0,
        0,
        2,
        2,
        0,
        1,
        0,
        1,
        0,
        1,
        2,
        0,
        2,
        0,
        0,
        1,
        0,
        2,
        2,
        1,
        2,
        0,
        2,
        0,
        1,
        0,
        2,
        1,
        1,
        1,
        2,
        0,
        2,
        2,
        1,
        0,
        1,
        1,
        0,
        2,
        1,
        2,
        1,
        2,
        0,
        1,
        0,
        2,
        1,
        1,
        1,
        0,
        2,
        0,
        1,
        0
    ],
    "env_label": 1
}