{
    "node_map": {
        "1": [
            0,
            0
        ],
        "2": [
            -33.4011507380346,
            -18.009881285432925
        ],
        "3": [
            36.31181958363078,
            3.5139033596788494
        ],
        "4": [
            -49.15184977533151,
            -49.881094804366846
        ],
        "5": [
            -13.561964969492493,
            -68.99698187362486
        ],
        "6": [
            -95.56604078703718,
            -44.16976819635605
        ],
        "7": [
            -72.44597323050735,
            -92.16327634948958
        ],
        "8": [
            42.165181535302736,
            -45.54228971771963
        ],
        "9": [
            -6.982385447954044,
            43.04250891937977
        ],
        "10": [
            -46.98665383082561,
            45.67500183418966
        ],
        "11": [
            -59.72719532402131,
            91.51890702303166
        ]
    },
    "label_list": [
        0,
        2,
        2,
        2,
        1,
        2,
        1,
        2,
        2,
        2,
        1,
        0,
        0,
        2,
        2,
        2,
        1,
        1,
        2,
        1,
        0,
        1,
        2,
        1,
        0,
        1,
        0,
        2,
        1,
        1,
        1,
        0,
        1,
        0,
        0,
        0,
        1,
        1,
        2,
        2,
        1,
        0,
        0,
        2,
        2,
        0,
        1,
        0,
        0,
        1,
        1,
        2,
        1,
        0,
        1,
        1,
        0,
        2,
        0,
        0,
        0,
        1,
        2,
        1,
        2,
        2,
        2,
        2,
        1,
        2,
        2,
        1,
        2,
        2,
        0,
        0,
        0,
        1,
        0,
        1,
        1,
        1,
        1,
        1,
        2,
        1,
        2,
        2,
        0,
        0,
        0,
        0,
        0,
        0,
        1,
        1,
        1,
        1,
        0,
        2,
        0,
        0,
        0,
        0,
        1,
        0,
        2,
        2,
        1,
        1,
        1,
        0,
        0,
        1,
        1,
        1,
        2,
        2,
        1,
        1
    ],
    "env_label": 1
}