{
    "node_map": {
        "1": [
            0,
            0
        ],
        "2": [
            21.590649484157254,
            30.582782502868724
        ],
        "3": [
            58.965037309952976,
            45.38208856541513
        ],
        "4": [
            -41.53274039735244,
            -24.224465613468382
        ],
        "5": [
            11.736040514908979,
            -41.8666120782305
        ],
        "6": [
            -33.068241639189296,
            33.7479682486279
        ],
        "7": [
            31.765934358957907,
            75.55679890677348
        ],
        "8": [
            -69.04763574594702,
            31.15018631829031
        ],
        "9": [
            -89.23126964179127,
            -8.32465731413268
        ],
        "10": [
            50.16527153846761,
            -5.6820027965124495
        ],
        "11": [
            -80.8266038809911,
            73.64296428208789
        ],
        "12": [
            -16.397966078448462,
            78.57544497913253
        ]
    },
    "label_list": [
        2,
        2,
        1,
        2,
        2,
        0,
        0,
        1,
        0,
        1,
        0,
        0,
        2,
        1,
        2,
        0,
        2,
        2,
        0,
        0,
        1,
        2,
        0,
        2,
        2,
        1,
        0,
        0,
        0,
        0,
        2,
        2,
        1,
        2,
        1,
        1,
        1,
        1,
        0,
        1,
        0,
        1,
        2,
        0,
        1,
        0,
        0,
        1,
        0,
        0,
        0,
        0,
        2,
        2,
        0,
        2,
        1,
        2,
        1,
        1,
        2,
        2,
        2,
        2,
        1,
        2,
        0,
        2,
        2,
        0,
        0,
        0,
        2,
        2,
        0,
        1,
        0,
        1,
        2,
        0,
        1,
        1,
        0,
        1,
        2,
        1,
        0,
        0,
        0,
        1,
        0,
        2,
        0,
        2,
        1,
        2,
        0,
        1,
        0,
        0,
        0,
        2,
        2,
        2,
        0,
        0,
        0,
        2,
        0,
        0,
        1,
        1,
        1,
        2,
        0,
        2,
        2,
        1,
        2,
        0
    ],
    "env_label": 1
}