{
    "node_map": {
        "1": [
            0,
            0
        ],
        "2": [
            -42.06328934702079,
            10.265956059972225
        ],
        "3": [
            30.816325069567853,
            -36.291990428064835
        ],
        "4": [
            11.686173740386323,
            36.19898006518079
        ],
        "5": [
            -56.389606674183376,
            -24.929605489866276
        ],
        "6": [
            -12.879417066290415,
            78.40189433407531
        ],
        "7": [
            13.204090538093709,
            -75.81952587758825
        ],
        "8": [
            -34.21355796283889,
            -59.97147609573443
        ],
        "9": [
            47.530843857871076,
            38.16562855966038
        ],
        "10": [
            -97.98635851627773,
            -29.647317640341527
        ]
    },
    "label_list": [
        2,
        0,
        1,
        1,
        1,
        2,
        1,
        1,
        2,
        1,
        1,
        2,
        1,
        2,
        2,
        2,
        1,
        1,
        0,
        0,
        1,
        0,
        2,
        1,
        0,
        0,
        1,
        1,
        0,
        2,
        1,
        2,
        0,
        2,
        1,
        1,
        2,
        2,
        2,
        2,
        1,
        2,
        0,
        2,
        0,
        1,
        1,
        0,
        0,
        2,
        1,
        1,
        2,
        0,
        2,
        0,
        0,
        0,
        2,
        2,
        1,
        2,
        0,
        2,
        0,
        0,
        0,
        2,
        0,
        1,
        1,
        1,
        1,
        2,
        2,
        0,
        0,
        1,
        0,
        0,
        2,
        0,
        2,
        0,
        1,
        2,
        1,
        2,
        0,
        0,
        1,
        0,
        0,
        1,
        2,
        1,
        2,
        0,
        2,
        0,
        2,
        2,
        0,
        1,
        0,
        1,
        0,
        2,
        0,
        1,
        2,
        2,
        0,
        1,
        1,
        1,
        1,
        2,
        0,
        2
    ],
    "env_label": 2
}