{
    "node_map": {
        "1": [
            0,
            0
        ],
        "2": [
            17.472512171537872,
            -40.623689594840684
        ],
        "3": [
            30.75950959721004,
            -88.48336837808297
        ],
        "4": [
            -3.8165007440866106,
            -98.96241649423283
        ],
        "5": [
            -20.579702589310415,
            42.30807408611193
        ],
        "6": [
            -66.58866624902022,
            41.61591145750191
        ],
        "7": [
            -85.19929586925088,
            83.541133015202
        ],
        "8": [
            -57.712601823204835,
            -7.349472359282856
        ],
        "9": [
            71.96253544031296,
            -68.22235875609056
        ]
    },
    "label_list": [
        2,
        0,
        2,
        1,
        1,
        2,
        1,
        0,
        0,
        1,
        1,
        2,
        0,
        1,
        2,
        1,
        0,
        1,
        0,
        1,
        2,
        2,
        2,
        1,
        1,
        0,
        2,
        2,
        1,
        0,
        2,
        0,
        0,
        0,
        1,
        2,
        2,
        2,
        2,
        1,
        2,
        1,
        1,
        0,
        0,
        2,
        2,
        1,
        1,
        1,
        1,
        2,
        0,
        0,
        2,
        2,
        2,
        2,
        1,
        1,
        2,
        2,
        0,
        0,
        1,
        0,
        1,
        0,
        2,
        1,
        2,
        0,
        1,
        0,
        1,
        2,
        1,
        2,
        1,
        0,
        0,
        0,
        1,
        1,
        0,
        1,
        1,
        1,
        1,
        0,
        1,
        1,
        1,
        0,
        2,
        1,
        0,
        2,
        1,
        2,
        1,
        2,
        2,
        0,
        0,
        1,
        0,
        1,
        0,
        0,
        0,
        1,
        0,
        2,
        2,
        0,
        2,
        2,
        1,
        2
    ],
    "env_label": 1
}