{
    "node_map": {
        "1": [
            0,
            0
        ],
        "2": [
            14.279805403043227,
            -35.81203116159783
        ],
        "3": [
            11.022520629485413,
            41.58232649932384
        ],
        "4": [
            50.84459286715841,
            40.11268179872803
        ],
        "5": [
            -40.546410274339074,
            24.109626248854596
        ],
        "6": [
            -3.9300031886691187,
            -66.42904733555288
        ],
        "7": [
            -76.91927355105716,
            -3.7707842721208493
        ],
        "8": [
            19.845535735841338,
            76.25965833113239
        ],
        "9": [
            -47.8469644809955,
            -78.30352714949728
        ],
        "10": [
            -94.08108869565295,
            -36.59738680149249
        ]
    },
    "label_list": [
        1,
        1,
        0,
        0,
        1,
        0,
        2,
        2,
        2,
        1,
        1,
        1,
        1,
        1,
        2,
        0,
        2,
        1,
        2,
        0,
        2,
        2,
        2,
        2,
        0,
        2,
        2,
        1,
        1,
        2,
        1,
        1,
        1,
        1,
        1,
        1,
        1,
        1,
        0,
        2,
        1,
        1,
        1,
        1,
        1,
        2,
        1,
        2,
        1,
        0,
        0,
        0,
        0,
        0,
        1,
        1,
        2,
        0,
        0,
        0,
        1,
        0,
        2,
        1,
        0,
        2,
        2,
        1,
        1,
        0,
        2,
        0,
        0,
        2,
        1,
        1,
        0,
        1,
        1,
        1,
        2,
        0,
        1,
        0,
        2,
        1,
        0,
        2,
        0,
        1,
        1,
        1,
        2,
        0,
        1,
        2,
        0,
        0,
        2,
        0,
        2,
        0,
        2,
        1,
        2,
        0,
        2,
        2,
        2,
        2,
        2,
        2,
        0,
        1,
        2,
        2,
        2,
        0,
        2,
        2
    ],
    "env_label": 0
}