{
    "node_map": {
        "1": [
            0,
            0
        ],
        "2": [
            40.76406333380868,
            17.542898706515956
        ],
        "3": [
            86.50576918794707,
            19.76524755674916
        ],
        "4": [
            33.593693074601134,
            -30.29925106775346
        ],
        "5": [
            15.785461781871717,
            -68.33639932298692
        ],
        "6": [
            54.45843189887668,
            53.92414721556213
        ],
        "7": [
            11.881486070958672,
            76.91010210611427
        ],
        "8": [
            88.26658248852576,
            78.11639946844724
        ],
        "9": [
            95.41689459713248,
            -25.25906833976326
        ]
    },
    "label_list": [
        2,
        2,
        2,
        2,
        2,
        2,
        0,
        1,
        0,
        2,
        2,
        2,
        2,
        1,
        2,
        0,
        2,
        2,
        0,
        2,
        1,
        0,
        2,
        2,
        2,
        0,
        2,
        2,
        1,
        1,
        0,
        1,
        1,
        1,
        0,
        1,
        0,
        2,
        2,
        0,
        2,
        0,
        2,
        0,
        1,
        1,
        1,
        2,
        1,
        2,
        1,
        0,
        0,
        1,
        0,
        0,
        1,
        0,
        0,
        2,
        1,
        0,
        1,
        0,
        2,
        1,
        1,
        0,
        2,
        1,
        0,
        2,
        1,
        1,
        2,
        0,
        2,
        1,
        0,
        1,
        1,
        0,
        2,
        2,
        0,
        1,
        2,
        1,
        1,
        2,
        1,
        2,
        1,
        2,
        0,
        2,
        1,
        1,
        0,
        0,
        0,
        0,
        1,
        1,
        1,
        1,
        1,
        1,
        0,
        1,
        1,
        2,
        1,
        0,
        1,
        0,
        2,
        2,
        1,
        2
    ],
    "env_label": 2
}