{
    "node_map": {
        "1": [
            0,
            0
        ],
        "2": [
            15.807557031499144,
            30.75908901516779
        ],
        "3": [
            27.440790804903145,
            -44.954866528422464
        ],
        "4": [
            13.938376365519048,
            -34.78178975099614
        ],
        "5": [
            -46.67272480570382,
            14.389328368672807
        ],
        "6": [
            46.01913143862474,
            22.08614481466634
        ],
        "7": [
            -5.642206497988745,
            25.683978620468096
        ],
        "8": [
            -16.18712512855881,
            -3.336722769653541
        ]
    },
    "label_list": [
        2,
        2,
        0,
        0,
        2,
        2,
        0,
        2,
        0,
        0,
        2,
        0,
        0,
        2,
        2,
        0,
        1,
        2,
        2,
        2,
        0,
        2,
        2,
        2,
        2,
        1,
        1,
        2,
        2,
        2,
        2,
        1,
        2,
        1,
        2,
        1,
        1,
        1,
        1,
        0,
        1,
        0,
        2,
        0,
        1,
        1,
        0,
        1,
        1,
        2,
        0,
        0,
        2,
        0,
        1,
        0,
        1,
        0,
        0,
        1,
        2,
        0,
        1,
        2,
        0,
        2,
        0,
        0,
        2,
        1,
        2,
        0,
        2,
        2,
        2,
        1,
        1,
        2,
        0,
        1,
        2,
        2,
        0,
        2,
        0,
        0,
        2,
        0,
        1,
        2,
        2,
        1,
        2,
        1,
        1,
        1,
        1,
        1,
        0,
        2,
        2,
        1,
        0,
        1,
        2,
        2,
        2,
        0,
        1,
        0,
        1,
        1,
        0,
        2,
        1,
        2,
        1,
        0,
        1,
        2
    ],
    "env_label": 0
}