{
    "node_map": {
        "1": [
            0,
            0
        ],
        "2": [
            -35.43183466271999,
            -13.83746443976797
        ],
        "3": [
            -32.71296227092844,
            22.693926885243343
        ],
        "4": [
            -73.2562200666058,
            -29.395035939356546
        ],
        "5": [
            -42.70258967838594,
            69.24519499919296
        ],
        "6": [
            -81.00088988333067,
            30.09215737635236
        ],
        "7": [
            48.14726333741831,
            -3.1397923797006513
        ],
        "8": [
            19.985841578042994,
            -33.76592297615035
        ]
    },
    "label_list": [
        2,
        1,
        0,
        0,
        1,
        2,
        0,
        0,
        1,
        2,
        2,
        0,
        2,
        0,
        2,
        2,
        2,
        1,
        2,
        1,
        1,
        2,
        0,
        1,
        2,
        1,
        0,
        0,
        2,
        2,
        0,
        2,
        2,
        0,
        1,
        2,
        0,
        2,
        2,
        1,
        2,
        1,
        1,
        2,
        0,
        1,
        2,
        1,
        1,
        2,
        1,
        1,
        0,
        1,
        1,
        1,
        2,
        0,
        2,
        0,
        1,
        0,
        0,
        2,
        2,
        0,
        0,
        0,
        1,
        1,
        0,
        2,
        1,
        0,
        1,
        0,
        2,
        1,
        0,
        1,
        2,
        2,
        1,
        1,
        2,
        1,
        0,
        1,
        0,
        1,
        1,
        0,
        0,
        0,
        0,
        1,
        1,
        0,
        0,
        1,
        2,
        0,
        2,
        2,
        0,
        2,
        2,
        0,
        0,
        2,
        1,
        0,
        1,
        0,
        0,
        2,
        2,
        2,
        2,
        1
    ],
    "env_label": 1
}