{
    "node_map": {
        "1": [
            0,
            0
        ],
        "2": [
            -44.75650548637543,
            -9.081279259204713
        ],
        "3": [
            5.2425667526938255,
            41.97630760125587
        ],
        "4": [
            44.26896840523341,
            -44.960551675794534
        ],
        "5": [
            33.24453210077492,
            7.488147312014235
        ],
        "6": [
            -37.97940054707743,
            -0.2783854657634848
        ],
        "7": [
            -26.071007306292458,
            38.20568791122349
        ],
        "8": [
            -12.990676286298239,
            -9.598951089870745
        ]
    },
    "label_list": [
        2,
        0,
        1,
        0,
        0,
        1,
        2,
        2,
        0,
        2,
        0,
        1,
        2,
        2,
        0,
        0,
        1,
        1,
        1,
        1,
        2,
        2,
        1,
        2,
        1,
        2,
        1,
        1,
        0,
        2,
        0,
        0,
        2,
        0,
        0,
        0,
        2,
        1,
        0,
        1,
        2,
        1,
        2,
        1,
        2,
        0,
        1,
        1,
        0,
        2,
        2,
        0,
        2,
        1,
        0,
        2,
        1,
        0,
        0,
        2,
        1,
        0,
        1,
        2,
        0,
        0,
        2,
        1,
        0,
        0,
        0,
        2,
        2,
        1,
        1,
        0,
        0,
        0,
        1,
        1,
        0,
        0,
        2,
        2,
        1,
        0,
        0,
        0,
        2,
        1,
        0,
        1,
        0,
        0,
        2,
        2,
        1,
        2,
        2,
        2,
        2,
        2,
        2,
        2,
        1,
        1,
        0,
        0,
        1,
        0,
        1,
        1,
        1,
        0,
        2,
        1,
        1,
        0,
        2,
        2
    ],
    "env_label": 2
}