{
    "node_map": {
        "1": [
            0,
            0
        ],
        "2": [
            33.57358021177262,
            17.503987411950234
        ],
        "3": [
            64.99617784760724,
            -13.11568205035303
        ],
        "4": [
            -10.122891099713343,
            -36.57119094587094
        ],
        "5": [
            87.4982910078952,
            -40.011688608215536
        ],
        "6": [
            76.243735207741,
            -77.70966101247541
        ],
        "7": [
            -43.43953706000736,
            -7.206295498877296
        ],
        "8": [
            92.8116624345123,
            13.522886374359771
        ],
        "9": [
            -78.34595595441482,
            11.99513852113931
        ]
    },
    "label_list": [
        2,
        1,
        2,
        0,
        2,
        1,
        1,
        1,
        1,
        2,
        1,
        1,
        1,
        1,
        1,
        0,
        1,
        0,
        1,
        1,
        2,
        0,
        1,
        2,
        1,
        1,
        1,
        0,
        1,
        0,
        1,
        2,
        0,
        0,
        1,
        0,
        0,
        0,
        1,
        2,
        2,
        2,
        0,
        1,
        2,
        1,
        1,
        0,
        2,
        2,
        2,
        2,
        2,
        0,
        2,
        0,
        0,
        0,
        2,
        2,
        1,
        2,
        0,
        2,
        2,
        2,
        2,
        2,
        0,
        1,
        0,
        2,
        0,
        1,
        0,
        0,
        0,
        1,
        0,
        1,
        0,
        0,
        0,
        1,
        0,
        2,
        2,
        0,
        0,
        1,
        0,
        0,
        2,
        2,
        2,
        2,
        1,
        1,
        2,
        1,
        1,
        2,
        0,
        0,
        0,
        2,
        0,
        2,
        0,
        0,
        1,
        2,
        1,
        0,
        0,
        0,
        0,
        0,
        2,
        0
    ],
    "env_label": 1
}