{
    "node_map": {
        "1": [
            0,
            0
        ],
        "2": [
            -22.701448975053367,
            -30.022492916444804
        ],
        "3": [
            29.01630851916309,
            23.497173608351858
        ],
        "4": [
            -2.9711321757704496,
            -68.4115555536518
        ],
        "5": [
            52.2423944967218,
            -5.113570993669242
        ],
        "6": [
            67.1820066439104,
            30.415990355824704
        ],
        "7": [
            74.43193386680738,
            65.3918197833602
        ],
        "8": [
            94.94282644571197,
            -18.062771195155875
        ],
        "9": [
            -65.06367584381707,
            -23.177073887557967
        ],
        "10": [
            -77.5244370571637,
            17.61267235315829
        ],
        "11": [
            35.66066350568886,
            70.58811347150674
        ],
        "12": [
            44.40683938566795,
            -62.24173764306098
        ]
    },
    "label_list": [
        1,
        2,
        0,
        2,
        0,
        0,
        0,
        1,
        1,
        2,
        2,
        0,
        0,
        0,
        2,
        1,
        1,
        1,
        0,
        2,
        2,
        2,
        1,
        2,
        1,
        2,
        0,
        1,
        1,
        0,
        1,
        1,
        2,
        2,
        2,
        2,
        1,
        0,
        2,
        1,
        1,
        1,
        2,
        2,
        1,
        2,
        0,
        0,
        0,
        2,
        0,
        0,
        2,
        0,
        1,
        1,
        2,
        1,
        1,
        1,
        2,
        1,
        0,
        0,
        0,
        1,
        2,
        1,
        1,
        2,
        1,
        0,
        0,
        1,
        0,
        0,
        2,
        0,
        2,
        2,
        2,
        2,
        1,
        0,
        1,
        2,
        0,
        0,
        1,
        0,
        0,
        1,
        1,
        0,
        1,
        2,
        1,
        1,
        2,
        1,
        1,
        0,
        2,
        0,
        1,
        0,
        0,
        2,
        1,
        2,
        2,
        2,
        0,
        1,
        1,
        2,
        0,
        2,
        2,
        1
    ],
    "env_label": 2
}