{
    "node_map": {
        "1": [
            0,
            0
        ],
        "2": [
            -26.320992886058733,
            -45.18406175826517
        ],
        "3": [
            -46.33446750560306,
            -80.04904346916872
        ],
        "4": [
            41.63182047665509,
            6.363100639380278
        ],
        "5": [
            6.6105532643098,
            56.937373445396474
        ],
        "6": [
            83.90128247594035,
            40.47026716383465
        ],
        "7": [
            41.088360732852976,
            88.51527155315767
        ],
        "8": [
            -63.06426855095568,
            -19.632842466536744
        ],
        "9": [
            26.80402032906339,
            -44.09197690776529
        ],
        "10": [
            0.38452980634606604,
            -75.31678650207493
        ]
    },
    "label_list": [
        0,
        0,
        0,
        2,
        2,
        0,
        1,
        2,
        2,
        2,
        0,
        2,
        1,
        0,
        0,
        2,
        1,
        0,
        1,
        2,
        2,
        1,
        0,
        0,
        2,
        1,
        1,
        2,
        0,
        1,
        0,
        0,
        2,
        2,
        0,
        1,
        0,
        0,
        0,
        1,
        0,
        2,
        1,
        1,
        2,
        0,
        2,
        2,
        2,
        1,
        1,
        0,
        1,
        0,
        1,
        0,
        0,
        1,
        0,
        2,
        1,
        1,
        0,
        0,
        1,
        0,
        1,
        1,
        2,
        0,
        1,
        1,
        2,
        2,
        2,
        0,
        1,
        2,
        0,
        2,
        0,
        2,
        2,
        0,
        1,
        0,
        1,
        1,
        0,
        1,
        0,
        0,
        1,
        2,
        2,
        1,
        0,
        2,
        0,
        2,
        0,
        2,
        0,
        0,
        2,
        2,
        1,
        0,
        1,
        1,
        2,
        0,
        0,
        1,
        2,
        1,
        1,
        1,
        0,
        1
    ],
    "env_label": 0
}