{
    "node_map": {
        "1": [
            0,
            0
        ],
        "2": [
            39.27539965586769,
            -20.59089129544816
        ],
        "3": [
            85.64451370338719,
            -28.87511762480328
        ],
        "4": [
            24.569863351001374,
            41.464639384633415
        ],
        "5": [
            44.15927359951024,
            76.75240234034365
        ],
        "6": [
            8.541939105776237,
            -41.855428689830056
        ],
        "7": [
            43.2256709899693,
            -74.3848535405427
        ],
        "8": [
            -40.29493337161458,
            13.243821988827719
        ],
        "9": [
            -71.33874818995133,
            -9.631416170941492
        ],
        "10": [
            3.1603320845898963,
            87.6469877406225
        ],
        "11": [
            -48.014060081413426,
            58.02064510385003
        ]
    },
    "label_list": [
        2,
        0,
        0,
        0,
        0,
        2,
        1,
        2,
        2,
        0,
        2,
        2,
        0,
        0,
        0,
        1,
        0,
        2,
        2,
        2,
        0,
        2,
        0,
        1,
        0,
        2,
        1,
        0,
        0,
        2,
        1,
        1,
        2,
        0,
        1,
        0,
        2,
        2,
        2,
        2,
        0,
        2,
        1,
        0,
        0,
        2,
        2,
        0,
        2,
        1,
        1,
        2,
        0,
        0,
        2,
        0,
        1,
        2,
        1,
        1,
        0,
        1,
        0,
        0,
        2,
        1,
        1,
        2,
        1,
        1,
        0,
        0,
        2,
        1,
        0,
        1,
        2,
        1,
        2,
        2,
        2,
        0,
        2,
        1,
        1,
        1,
        2,
        0,
        1,
        2,
        2,
        2,
        2,
        0,
        0,
        0,
        0,
        2,
        1,
        0,
        2,
        2,
        0,
        1,
        0,
        1,
        0,
        2,
        1,
        2,
        2,
        2,
        0,
        2,
        1,
        0,
        2,
        0,
        1,
        2
    ],
    "env_label": 1
}