{
    "node_map": {
        "1": [
            0,
            0
        ],
        "2": [
            39.094536171884045,
            -15.460670141222764
        ],
        "3": [
            89.74738177882944,
            -26.37272898142416
        ],
        "4": [
            38.2070315447136,
            -56.57748186386276
        ],
        "5": [
            9.29252073699854,
            50.37999429203427
        ],
        "6": [
            61.2715285150546,
            78.73749411260647
        ],
        "7": [
            78.01645475393684,
            -67.34959847624107
        ],
        "8": [
            -1.7056720288485963,
            95.58328216204117
        ],
        "9": [
            -49.17346687601019,
            95.69376790570703
        ],
        "10": [
            -94.54019109955092,
            94.25722258765353
        ]
    },
    "label_list": [
        1,
        0,
        0,
        1,
        2,
        1,
        2,
        0,
        2,
        2,
        0,
        0,
        0,
        2,
        1,
        0,
        2,
        1,
        0,
        1,
        1,
        0,
        1,
        2,
        0,
        0,
        0,
        0,
        2,
        0,
        0,
        1,
        0,
        2,
        0,
        1,
        2,
        2,
        0,
        1,
        1,
        2,
        2,
        2,
        1,
        1,
        0,
        2,
        1,
        0,
        1,
        1,
        2,
        2,
        2,
        2,
        1,
        1,
        2,
        0,
        1,
        1,
        2,
        2,
        2,
        2,
        2,
        1,
        2,
        2,
        0,
        2,
        0,
        0,
        1,
        0,
        1,
        0,
        1,
        2,
        1,
        1,
        0,
        0,
        1,
        2,
        2,
        0,
        0,
        2,
        1,
        0,
        2,
        1,
        2,
        0,
        2,
        1,
        1,
        2,
        1,
        0,
        0,
        2,
        2,
        0,
        0,
        2,
        2,
        1,
        0,
        1,
        2,
        0,
        0,
        1,
        0,
        0,
        0,
        0
    ],
    "env_label": 0
}