{
    "node_map": {
        "1": [
            0,
            0
        ],
        "2": [
            38.882002668584676,
            -15.439729332934988
        ],
        "3": [
            81.64076101093269,
            -13.204309852304632
        ],
        "4": [
            54.95242678519347,
            30.920920977366052
        ],
        "5": [
            -26.21640443264394,
            25.36591444972018
        ],
        "6": [
            81.1844679446935,
            -51.419871375395054
        ],
        "7": [
            34.0871711693305,
            68.89557108627184
        ],
        "8": [
            85.21317616502643,
            58.004480368992176
        ]
    },
    "label_list": [
        1,
        2,
        1,
        1,
        2,
        1,
        1,
        2,
        0,
        2,
        0,
        0,
        2,
        2,
        2,
        1,
        1,
        1,
        2,
        0,
        2,
        1,
        2,
        0,
        0,
        2,
        2,
        0,
        0,
        0,
        1,
        0,
        0,
        0,
        0,
        1,
        1,
        1,
        1,
        2,
        1,
        1,
        1,
        1,
        2,
        2,
        1,
        2,
        2,
        2,
        2,
        0,
        0,
        2,
        2,
        1,
        1,
        0,
        1,
        2,
        0,
        0,
        0,
        2,
        1,
        0,
        0,
        0,
        0,
        2,
        1,
        1,
        0,
        2,
        0,
        1,
        0,
        1,
        2,
        1,
        2,
        0,
        0,
        0,
        1,
        2,
        1,
        2,
        0,
        2,
        2,
        1,
        0,
        1,
        2,
        1,
        1,
        2,
        1,
        0,
        2,
        2,
        2,
        2,
        0,
        1,
        1,
        1,
        2,
        2,
        2,
        2,
        1,
        1,
        0,
        1,
        1,
        0,
        1,
        0
    ],
    "env_label": 0
}