{
    "node_map": {
        "1": [
            0,
            0
        ],
        "2": [
            7.719713703657845,
            -42.260363899828675
        ],
        "3": [
            27.478043379652632,
            -87.94500553172372
        ],
        "4": [
            29.044314989534513,
            39.28303663226575
        ],
        "5": [
            72.07109274093426,
            -97.49453849264584
        ],
        "6": [
            14.39395949843545,
            74.2855305532789
        ],
        "7": [
            50.39272919611503,
            -49.74848939367988
        ],
        "8": [
            55.4134921144059,
            72.49051804123593
        ]
    },
    "label_list": [
        2,
        1,
        0,
        1,
        0,
        0,
        2,
        2,
        2,
        2,
        0,
        2,
        2,
        0,
        1,
        1,
        2,
        0,
        2,
        0,
        0,
        2,
        1,
        1,
        0,
        2,
        1,
        0,
        2,
        2,
        2,
        2,
        0,
        0,
        1,
        1,
        2,
        1,
        2,
        1,
        2,
        0,
        2,
        2,
        0,
        0,
        2,
        2,
        0,
        0,
        0,
        2,
        2,
        2,
        1,
        0,
        0,
        2,
        1,
        1,
        0,
        2,
        1,
        1,
        2,
        0,
        1,
        2,
        1,
        1,
        2,
        0,
        0,
        1,
        0,
        0,
        0,
        1,
        0,
        0,
        0,
        2,
        0,
        1,
        2,
        0,
        2,
        0,
        0,
        2,
        1,
        0,
        1,
        0,
        1,
        2,
        0,
        0,
        2,
        2,
        0,
        0,
        1,
        2,
        2,
        0,
        1,
        0,
        1,
        0,
        0,
        1,
        0,
        0,
        0,
        2,
        2,
        0,
        0,
        0
    ],
    "env_label": 0
}