{
    "node_map": {
        "1": [
            0,
            0
        ],
        "2": [
            -0.5126873054640981,
            38.67639537924123
        ],
        "3": [
            40.62259346807821,
            45.09571334962533
        ],
        "4": [
            -45.04946505071914,
            36.50636134950946
        ],
        "5": [
            -73.20378894850283,
            1.799669517557973
        ],
        "6": [
            -37.16803176595995,
            -17.06775719961675
        ],
        "7": [
            -30.98348087585343,
            76.44064080307359
        ],
        "8": [
            29.66686825775085,
            -22.676356812274662
        ]
    },
    "label_list": [
        2,
        2,
        1,
        1,
        2,
        2,
        1,
        0,
        0,
        0,
        0,
        1,
        2,
        1,
        1,
        0,
        2,
        2,
        2,
        0,
        0,
        2,
        0,
        1,
        0,
        0,
        2,
        1,
        2,
        0,
        2,
        1,
        1,
        1,
        1,
        1,
        1,
        1,
        0,
        2,
        1,
        0,
        0,
        0,
        0,
        2,
        0,
        0,
        2,
        2,
        1,
        1,
        0,
        2,
        0,
        0,
        2,
        0,
        0,
        0,
        2,
        2,
        1,
        2,
        1,
        0,
        2,
        1,
        1,
        1,
        1,
        0,
        0,
        1,
        0,
        0,
        1,
        2,
        1,
        0,
        0,
        1,
        0,
        1,
        2,
        2,
        0,
        2,
        2,
        1,
        1,
        1,
        0,
        1,
        1,
        2,
        0,
        0,
        2,
        0,
        0,
        1,
        0,
        0,
        2,
        1,
        0,
        1,
        1,
        2,
        0,
        0,
        2,
        0,
        0,
        2,
        2,
        0,
        1,
        1
    ],
    "env_label": 0
}