{
    "node_map": {
        "1": [
            0,
            0
        ],
        "2": [
            47.10907754056001,
            -6.172033059873755
        ],
        "3": [
            -21.91754171246663,
            43.371735441219556
        ],
        "4": [
            77.46990621733906,
            -34.24081269859329
        ],
        "5": [
            45.9411915955921,
            -64.16531308801041
        ],
        "6": [
            15.776665917090611,
            -46.18011106276858
        ],
        "7": [
            4.000141187518906,
            -81.42862635579355
        ],
        "8": [
            37.8783917173632,
            28.986774886518617
        ]
    },
    "label_list": [
        2,
        1,
        1,
        0,
        2,
        0,
        0,
        2,
        1,
        0,
        1,
        0,
        2,
        1,
        1,
        1,
        2,
        2,
        2,
        0,
        2,
        2,
        1,
        0,
        0,
        1,
        0,
        0,
        0,
        1,
        1,
        2,
        0,
        0,
        0,
        0,
        1,
        1,
        0,
        0,
        2,
        1,
        2,
        0,
        1,
        0,
        1,
        1,
        2,
        1,
        0,
        2,
        2,
        1,
        0,
        2,
        0,
        0,
        0,
        1,
        0,
        1,
        0,
        1,
        1,
        1,
        2,
        1,
        2,
        2,
        1,
        2,
        0,
        1,
        1,
        1,
        1,
        0,
        1,
        2,
        0,
        2,
        0,
        0,
        0,
        2,
        1,
        2,
        0,
        2,
        2,
        0,
        1,
        1,
        1,
        0,
        0,
        0,
        2,
        1,
        0,
        2,
        1,
        0,
        0,
        1,
        0,
        2,
        0,
        1,
        1,
        0,
        1,
        1,
        2,
        1,
        1,
        2,
        2,
        0
    ],
    "env_label": 0
}