{
    "node_map": {
        "1": [
            0,
            0
        ],
        "2": [
            -43.31208512980924,
            -6.581651572180093
        ],
        "3": [
            31.295203653920538,
            -38.9797362039739
        ],
        "4": [
            18.796033478253563,
            -78.65479399912991
        ],
        "5": [
            -83.37295133418124,
            -19.326637520971346
        ],
        "6": [
            -14.785754748543738,
            -92.79006852696618
        ],
        "7": [
            -32.543582721496136,
            28.065887771991612
        ],
        "8": [
            -86.98628238696695,
            -58.48021352864134
        ]
    },
    "label_list": [
        1,
        1,
        0,
        0,
        0,
        0,
        2,
        1,
        0,
        2,
        1,
        2,
        1,
        0,
        2,
        0,
        2,
        0,
        1,
        1,
        0,
        2,
        2,
        1,
        2,
        0,
        1,
        0,
        1,
        0,
        0,
        1,
        1,
        1,
        1,
        0,
        0,
        1,
        1,
        1,
        0,
        1,
        2,
        1,
        0,
        1,
        2,
        1,
        2,
        1,
        2,
        0,
        0,
        1,
        0,
        0,
        1,
        1,
        1,
        2,
        2,
        0,
        2,
        1,
        1,
        0,
        2,
        2,
        1,
        1,
        0,
        2,
        1,
        1,
        1,
        2,
        2,
        2,
        1,
        2,
        2,
        2,
        2,
        0,
        1,
        0,
        2,
        2,
        0,
        2,
        2,
        0,
        2,
        2,
        1,
        1,
        0,
        1,
        0,
        2,
        1,
        1,
        1,
        2,
        2,
        1,
        1,
        0,
        0,
        1,
        0,
        1,
        2,
        1,
        0,
        0,
        2,
        0,
        2,
        2
    ],
    "env_label": 0
}