{
    "node_map": {
        "1": [
            0,
            0
        ],
        "2": [
            -37.19079191997883,
            -3.7862652683410687
        ],
        "3": [
            2.0823419939470966,
            37.52285319317582
        ],
        "4": [
            38.87117001150145,
            0.07402211510951417
        ],
        "5": [
            -53.867117798665596,
            30.204890571618023
        ],
        "6": [
            25.732478790329623,
            70.6040093784903
        ],
        "7": [
            -78.74345539406649,
            5.202886471260058
        ],
        "8": [
            72.93086737532059,
            61.740064981919176
        ]
    },
    "label_list": [
        1,
        2,
        1,
        1,
        2,
        0,
        0,
        2,
        1,
        0,
        2,
        0,
        0,
        2,
        2,
        2,
        1,
        0,
        0,
        2,
        1,
        0,
        2,
        0,
        1,
        1,
        2,
        2,
        0,
        2,
        2,
        2,
        1,
        1,
        2,
        0,
        0,
        0,
        0,
        0,
        2,
        1,
        1,
        1,
        2,
        0,
        2,
        1,
        0,
        2,
        1,
        2,
        1,
        2,
        1,
        1,
        1,
        1,
        0,
        1,
        2,
        0,
        0,
        2,
        0,
        1,
        1,
        2,
        1,
        0,
        0,
        0,
        2,
        2,
        1,
        0,
        2,
        1,
        2,
        2,
        0,
        2,
        2,
        2,
        0,
        1,
        0,
        2,
        0,
        2,
        2,
        2,
        2,
        2,
        0,
        2,
        2,
        0,
        2,
        2,
        0,
        0,
        1,
        0,
        0,
        2,
        0,
        1,
        0,
        2,
        2,
        2,
        2,
        2,
        1,
        2,
        1,
        2,
        0,
        0
    ],
    "env_label": 0
}