{
    "node_map": {
        "1": [
            0,
            0
        ],
        "2": [
            6.576225449838134,
            37.353523856692675
        ],
        "3": [
            40.75109426270885,
            10.963446233591782
        ],
        "4": [
            26.842767344792435,
            -23.948003834336035
        ],
        "5": [
            57.498778685795685,
            -58.89862309016631
        ],
        "6": [
            13.909702482514774,
            -59.89806961551884
        ],
        "7": [
            -17.389740285329694,
            -85.54645957888133
        ],
        "8": [
            -58.45202200974731,
            -88.33133512945814
        ]
    },
    "label_list": [
        0,
        0,
        2,
        1,
        1,
        1,
        0,
        0,
        0,
        2,
        2,
        1,
        2,
        2,
        2,
        1,
        2,
        1,
        1,
        2,
        2,
        1,
        2,
        2,
        0,
        0,
        1,
        1,
        2,
        2,
        0,
        1,
        0,
        0,
        2,
        1,
        0,
        1,
        0,
        2,
        1,
        1,
        1,
        2,
        1,
        1,
        0,
        2,
        2,
        2,
        0,
        1,
        1,
        2,
        2,
        2,
        1,
        1,
        2,
        2,
        2,
        0,
        0,
        0,
        0,
        0,
        1,
        2,
        1,
        2,
        2,
        2,
        0,
        2,
        1,
        2,
        2,
        1,
        1,
        2,
        1,
        2,
        0,
        2,
        2,
        1,
        2,
        2,
        2,
        2,
        1,
        0,
        2,
        2,
        2,
        2,
        2,
        1,
        0,
        2,
        0,
        1,
        1,
        1,
        0,
        0,
        1,
        2,
        2,
        1,
        2,
        0,
        1,
        1,
        1,
        0,
        2,
        0,
        2,
        2
    ],
    "env_label": 0
}