{
    "node_map": {
        "1": [
            0,
            0
        ],
        "2": [
            -37.02496502189161,
            3.465012084466437
        ],
        "3": [
            33.79042060671219,
            17.56469400025651
        ],
        "4": [
            59.44028300560865,
            54.30923777096956
        ],
        "5": [
            6.89137206292952,
            51.40397081299437
        ],
        "6": [
            43.02946240730628,
            88.82354543507154
        ],
        "7": [
            89.22979649000825,
            25.455539196550106
        ],
        "8": [
            -19.54731070721543,
            -39.68198113850902
        ]
    },
    "label_list": [
        2,
        2,
        0,
        1,
        0,
        2,
        0,
        2,
        1,
        2,
        0,
        0,
        2,
        0,
        2,
        1,
        2,
        0,
        2,
        1,
        1,
        0,
        2,
        2,
        1,
        2,
        1,
        1,
        0,
        2,
        0,
        2,
        2,
        1,
        1,
        2,
        1,
        0,
        0,
        2,
        1,
        1,
        1,
        2,
        1,
        0,
        1,
        2,
        2,
        0,
        0,
        1,
        0,
        0,
        2,
        1,
        1,
        1,
        0,
        1,
        1,
        0,
        0,
        0,
        0,
        1,
        0,
        1,
        0,
        1,
        2,
        0,
        2,
        1,
        1,
        0,
        1,
        0,
        0,
        1,
        2,
        0,
        1,
        0,
        0,
        2,
        0,
        0,
        1,
        0,
        1,
        0,
        0,
        0,
        2,
        1,
        1,
        2,
        2,
        2,
        0,
        1,
        0,
        2,
        2,
        2,
        0,
        1,
        0,
        0,
        1,
        0,
        1,
        1,
        2,
        1,
        0,
        1,
        2,
        1
    ],
    "env_label": 0
}