{
    "node_map": {
        "1": [
            0,
            0
        ],
        "2": [
            12.13039390061823,
            -35.58955948336158
        ],
        "3": [
            -20.819077123551793,
            -58.81453629775806
        ],
        "4": [
            -61.8464336729351,
            -77.20682928019895
        ],
        "5": [
            -64.9258162135757,
            -36.41454041355081
        ],
        "6": [
            46.26626430264895,
            -59.72373402889835
        ],
        "7": [
            5.835301246364551,
            44.33046436165918
        ],
        "8": [
            -39.70220272139162,
            31.353144920363462
        ]
    },
    "label_list": [
        2,
        1,
        1,
        2,
        2,
        2,
        2,
        1,
        0,
        0,
        1,
        2,
        2,
        1,
        1,
        2,
        0,
        0,
        0,
        1,
        0,
        0,
        1,
        0,
        1,
        0,
        1,
        0,
        0,
        1,
        0,
        1,
        1,
        0,
        0,
        2,
        1,
        1,
        1,
        2,
        1,
        2,
        1,
        1,
        2,
        2,
        2,
        0,
        0,
        2,
        0,
        2,
        0,
        2,
        1,
        1,
        0,
        0,
        2,
        0,
        0,
        1,
        0,
        2,
        1,
        0,
        2,
        2,
        1,
        2,
        1,
        1,
        1,
        1,
        2,
        1,
        2,
        2,
        2,
        0,
        0,
        2,
        0,
        0,
        0,
        0,
        0,
        0,
        0,
        1,
        1,
        1,
        2,
        0,
        2,
        2,
        1,
        0,
        2,
        1,
        0,
        1,
        2,
        1,
        1,
        0,
        2,
        1,
        2,
        0,
        1,
        2,
        1,
        2,
        0,
        1,
        0,
        2,
        0,
        0
    ],
    "env_label": 0
}