{
    "node_map": {
        "1": [
            0,
            0
        ],
        "2": [
            2.7481523780233204,
            49.92024890635153
        ],
        "3": [
            44.76546974810398,
            60.941142092902226
        ],
        "4": [
            30.255932546957382,
            -22.979937804635185
        ],
        "5": [
            -30.94843075921247,
            -38.70483736959065
        ],
        "6": [
            -32.521849825487806,
            71.47523677187604
        ],
        "7": [
            -51.33964714527113,
            -3.7374820938774036
        ],
        "8": [
            63.97413412950766,
            -53.812990337827785
        ]
    },
    "label_list": [
        0,
        2,
        0,
        0,
        0,
        2,
        0,
        1,
        2,
        2,
        2,
        0,
        0,
        0,
        2,
        1,
        2,
        2,
        0,
        0,
        2,
        2,
        2,
        2,
        2,
        0,
        1,
        1,
        1,
        1,
        2,
        1,
        2,
        2,
        2,
        2,
        0,
        2,
        1,
        1,
        1,
        0,
        0,
        1,
        1,
        1,
        1,
        0,
        1,
        2,
        1,
        2,
        1,
        0,
        1,
        2,
        2,
        0,
        2,
        1,
        0,
        1,
        2,
        2,
        1,
        0,
        1,
        0,
        2,
        2,
        0,
        1,
        2,
        2,
        1,
        1,
        1,
        0,
        1,
        1,
        1,
        2,
        2,
        0,
        2,
        0,
        0,
        2,
        0,
        0,
        2,
        0,
        1,
        2,
        2,
        2,
        2,
        1,
        0,
        0,
        2,
        0,
        2,
        2,
        0,
        2,
        2,
        2,
        2,
        2,
        2,
        0,
        1,
        2,
        2,
        1,
        0,
        2,
        1,
        2
    ],
    "env_label": 0
}