{
    "node_map": {
        "1": [
            0,
            0
        ],
        "2": [
            38.07592805119825,
            28.04883524087137
        ],
        "3": [
            -47.54444398817637,
            10.375908325747602
        ],
        "4": [
            -67.97792906725577,
            52.84155120715741
        ],
        "5": [
            -89.36268840533623,
            3.2296565679403813
        ],
        "6": [
            15.122826105762854,
            68.96170959883864
        ],
        "7": [
            -96.8910598797847,
            -39.56095584095984
        ],
        "8": [
            -97.46702146273091,
            -87.93751313367426
        ]
    },
    "label_list": [
        2,
        2,
        1,
        1,
        2,
        1,
        0,
        1,
        0,
        0,
        0,
        1,
        0,
        0,
        1,
        1,
        0,
        1,
        2,
        1,
        0,
        1,
        1,
        1,
        1,
        2,
        0,
        1,
        0,
        2,
        1,
        1,
        2,
        2,
        1,
        2,
        1,
        1,
        0,
        0,
        2,
        2,
        1,
        1,
        0,
        0,
        1,
        2,
        1,
        1,
        1,
        1,
        1,
        0,
        1,
        1,
        0,
        1,
        2,
        0,
        1,
        0,
        2,
        0,
        2,
        2,
        0,
        0,
        1,
        1,
        0,
        1,
        0,
        1,
        0,
        2,
        1,
        2,
        0,
        1,
        0,
        2,
        0,
        0,
        0,
        0,
        0,
        0,
        0,
        0,
        2,
        2,
        0,
        1,
        1,
        1,
        2,
        0,
        1,
        1,
        0,
        1,
        1,
        1,
        0,
        0,
        1,
        1,
        0,
        0,
        2,
        1,
        1,
        2,
        1,
        1,
        2,
        1,
        2,
        1
    ],
    "env_label": 0
}