{
    "node_map": {
        "1": [
            0,
            0
        ],
        "2": [
            -14.1267772137369,
            32.948568825316386
        ],
        "3": [
            -34.815168956519216,
            61.42081669284369
        ],
        "4": [
            -52.63076658365586,
            93.99391112946807
        ],
        "5": [
            -33.7156162697035,
            -10.130991532634198
        ],
        "6": [
            23.7382547174511,
            -38.2080314619176
        ],
        "7": [
            -47.00470956522054,
            -57.46398698614674
        ],
        "8": [
            62.6986272551147,
            -67.9594423366628
        ]
    },
    "label_list": [
        2,
        1,
        0,
        2,
        0,
        2,
        1,
        1,
        0,
        2,
        1,
        1,
        0,
        1,
        0,
        2,
        1,
        1,
        2,
        0,
        2,
        1,
        0,
        0,
        0,
        2,
        0,
        2,
        1,
        1,
        1,
        1,
        0,
        2,
        0,
        2,
        2,
        1,
        2,
        1,
        1,
        2,
        0,
        1,
        2,
        2,
        2,
        0,
        0,
        1,
        0,
        0,
        0,
        2,
        2,
        2,
        0,
        0,
        1,
        2,
        1,
        2,
        2,
        0,
        0,
        1,
        0,
        0,
        1,
        1,
        0,
        2,
        2,
        1,
        0,
        0,
        0,
        2,
        1,
        0,
        1,
        1,
        1,
        0,
        2,
        1,
        0,
        1,
        1,
        1,
        2,
        0,
        1,
        0,
        1,
        0,
        2,
        1,
        0,
        2,
        1,
        1,
        0,
        2,
        2,
        1,
        1,
        0,
        0,
        2,
        1,
        2,
        2,
        2,
        0,
        0,
        2,
        0,
        1,
        1
    ],
    "env_label": 0
}