{
    "node_map": {
        "1": [
            0,
            0
        ],
        "2": [
            -31.953316947252986,
            31.53715780155929
        ],
        "3": [
            5.5049450972527865,
            -41.440270408994564
        ],
        "4": [
            42.57710435609533,
            -20.185818400087285
        ],
        "5": [
            -22.410920570799476,
            74.96658612938748
        ],
        "6": [
            -33.48124681373707,
            -45.236406802244474
        ],
        "7": [
            8.363215793736572,
            35.00671913757586
        ],
        "8": [
            -61.14002048350402,
            10.156618279962927
        ]
    },
    "label_list": [
        2,
        2,
        2,
        0,
        1,
        2,
        2,
        0,
        0,
        0,
        0,
        0,
        1,
        1,
        2,
        0,
        1,
        1,
        1,
        0,
        0,
        0,
        2,
        2,
        0,
        0,
        0,
        0,
        1,
        0,
        1,
        0,
        2,
        2,
        0,
        0,
        2,
        1,
        2,
        0,
        2,
        2,
        2,
        0,
        2,
        2,
        2,
        2,
        1,
        1,
        2,
        0,
        0,
        2,
        1,
        0,
        2,
        0,
        2,
        1,
        0,
        0,
        2,
        2,
        0,
        0,
        1,
        0,
        1,
        2,
        2,
        0,
        2,
        1,
        2,
        2,
        1,
        0,
        1,
        2,
        0,
        1,
        0,
        0,
        0,
        0,
        2,
        2,
        0,
        0,
        2,
        1,
        2,
        0,
        1,
        1,
        2,
        2,
        1,
        0,
        0,
        1,
        2,
        2,
        1,
        0,
        1,
        1,
        2,
        2,
        1,
        0,
        2,
        2,
        1,
        0,
        1,
        1,
        1,
        1
    ],
    "env_label": 0
}