{
    "node_map": {
        "1": [
            0,
            0
        ],
        "2": [
            -41.380965327530376,
            5.026157470720378
        ],
        "3": [
            -58.78167148501443,
            45.44279118114858
        ],
        "4": [
            -61.80330563474015,
            -38.90569995522522
        ],
        "5": [
            37.44877770496265,
            16.48252318788046
        ],
        "6": [
            -16.577285748015626,
            53.641960432760925
        ],
        "7": [
            24.438382251250516,
            -40.719871002221744
        ],
        "8": [
            60.12029645437693,
            -68.9299008914147
        ]
    },
    "label_list": [
        1,
        0,
        2,
        0,
        2,
        2,
        1,
        2,
        0,
        1,
        0,
        0,
        1,
        1,
        1,
        2,
        0,
        0,
        2,
        0,
        0,
        2,
        2,
        1,
        0,
        2,
        2,
        2,
        0,
        1,
        1,
        1,
        0,
        2,
        0,
        1,
        2,
        0,
        1,
        0,
        1,
        0,
        1,
        2,
        2,
        2,
        0,
        1,
        1,
        2,
        2,
        2,
        1,
        0,
        1,
        2,
        0,
        2,
        1,
        1,
        0,
        2,
        1,
        2,
        0,
        2,
        1,
        0,
        0,
        0,
        2,
        1,
        2,
        2,
        1,
        1,
        1,
        0,
        1,
        0,
        2,
        2,
        1,
        1,
        1,
        1,
        1,
        0,
        2,
        2,
        0,
        0,
        0,
        1,
        1,
        0,
        2,
        1,
        2,
        1,
        2,
        2,
        1,
        1,
        0,
        0,
        2,
        2,
        2,
        0,
        0,
        2,
        1,
        2,
        1,
        1,
        1,
        2,
        1,
        1
    ],
    "env_label": 0
}