{
    "node_map": {
        "1": [
            0,
            0
        ],
        "2": [
            -43.64320516661246,
            -9.469085772556184
        ],
        "3": [
            2.3052689620246127,
            -37.03085314371655
        ],
        "4": [
            -87.93938685251983,
            -25.327447949423203
        ],
        "5": [
            43.56069971334384,
            -32.59102633917783
        ],
        "6": [
            -5.197846768985428,
            -76.49152153396841
        ],
        "7": [
            -75.59924412125301,
            13.53436948950926
        ],
        "8": [
            -94.5027390763683,
            -64.08424261793971
        ]
    },
    "label_list": [
        0,
        2,
        1,
        2,
        0,
        1,
        1,
        1,
        0,
        0,
        1,
        1,
        2,
        1,
        0,
        0,
        1,
        2,
        0,
        2,
        0,
        0,
        2,
        0,
        0,
        2,
        2,
        0,
        1,
        2,
        0,
        2,
        0,
        1,
        0,
        2,
        2,
        0,
        0,
        1,
        2,
        2,
        2,
        1,
        1,
        1,
        2,
        1,
        0,
        2,
        0,
        0,
        0,
        2,
        2,
        2,
        0,
        0,
        1,
        1,
        2,
        1,
        0,
        2,
        0,
        0,
        0,
        2,
        2,
        0,
        1,
        1,
        1,
        0,
        2,
        0,
        0,
        1,
        2,
        1,
        1,
        0,
        1,
        0,
        0,
        2,
        2,
        0,
        2,
        2,
        2,
        1,
        0,
        0,
        2,
        2,
        2,
        2,
        2,
        2,
        2,
        0,
        2,
        2,
        2,
        2,
        2,
        1,
        1,
        0,
        1,
        1,
        0,
        0,
        2,
        0,
        1,
        1,
        0,
        1
    ],
    "env_label": 0
}