{
    "node_map": {
        "1": [
            0,
            0
        ],
        "2": [
            -40.46325084896496,
            -28.003404705717713
        ],
        "3": [
            -72.44115322400194,
            -2.585711968066164
        ],
        "4": [
            -34.00253269325569,
            15.826886341981904
        ],
        "5": [
            -0.4627911940233673,
            -46.14563614805838
        ],
        "6": [
            42.45679951790305,
            25.053725213680437
        ],
        "7": [
            31.12390526671598,
            -30.731557640117074
        ],
        "8": [
            7.443575317262301,
            56.14250040923105
        ]
    },
    "label_list": [
        1,
        2,
        2,
        1,
        1,
        1,
        1,
        0,
        2,
        2,
        0,
        1,
        1,
        2,
        2,
        0,
        2,
        2,
        1,
        2,
        1,
        2,
        0,
        1,
        2,
        0,
        2,
        1,
        0,
        1,
        1,
        2,
        0,
        1,
        1,
        2,
        0,
        2,
        2,
        0,
        2,
        1,
        2,
        1,
        0,
        2,
        2,
        2,
        2,
        2,
        1,
        0,
        0,
        0,
        0,
        1,
        0,
        1,
        0,
        1,
        0,
        2,
        2,
        0,
        1,
        0,
        0,
        0,
        1,
        1,
        2,
        1,
        2,
        0,
        2,
        2,
        1,
        1,
        2,
        2,
        2,
        1,
        1,
        1,
        2,
        0,
        0,
        1,
        0,
        1,
        2,
        1,
        0,
        0,
        1,
        2,
        0,
        1,
        2,
        2,
        1,
        2,
        1,
        2,
        2,
        1,
        0,
        1,
        2,
        0,
        2,
        0,
        2,
        2,
        2,
        2,
        0,
        0,
        2,
        1
    ],
    "env_label": 0
}