{
    "node_map": {
        "1": [
            0,
            0
        ],
        "2": [
            37.33990231926356,
            -16.58392835742741
        ],
        "3": [
            63.35788744605796,
            -46.343508478755346
        ],
        "4": [
            87.59905287518012,
            -14.096370928766547
        ],
        "5": [
            -36.99303177071616,
            -27.018377816041507
        ],
        "6": [
            92.21528803838652,
            -74.82545018663046
        ],
        "7": [
            40.97071769628627,
            31.937239327529284
        ],
        "8": [
            -63.32196166712567,
            -51.202167120332916
        ]
    },
    "label_list": [
        1,
        1,
        0,
        2,
        2,
        2,
        0,
        1,
        2,
        2,
        1,
        1,
        0,
        0,
        2,
        1,
        2,
        2,
        0,
        2,
        0,
        2,
        2,
        0,
        1,
        1,
        0,
        1,
        1,
        1,
        0,
        1,
        0,
        2,
        2,
        1,
        2,
        2,
        1,
        1,
        1,
        1,
        0,
        1,
        2,
        1,
        1,
        2,
        1,
        0,
        2,
        2,
        2,
        2,
        0,
        1,
        1,
        2,
        1,
        2,
        2,
        2,
        1,
        1,
        0,
        2,
        2,
        1,
        0,
        2,
        1,
        1,
        2,
        2,
        2,
        1,
        2,
        1,
        0,
        0,
        1,
        1,
        0,
        1,
        2,
        2,
        0,
        0,
        2,
        2,
        2,
        1,
        1,
        0,
        2,
        0,
        1,
        2,
        2,
        1,
        0,
        1,
        0,
        1,
        0,
        0,
        0,
        2,
        2,
        1,
        2,
        2,
        2,
        0,
        2,
        1,
        1,
        1,
        0,
        2
    ],
    "env_label": 0
}