{
    "node_map": {
        "1": [
            0,
            0
        ],
        "2": [
            -10.647037966117054,
            -37.03121198623038
        ],
        "3": [
            26.393811054767752,
            -27.35828576217645
        ],
        "4": [
            -52.020382144362046,
            -33.99504807431666
        ],
        "5": [
            9.901528118142195,
            -74.04890649911933
        ],
        "6": [
            -72.05422677964526,
            -68.28666726798514
        ],
        "7": [
            -92.73542712459243,
            -16.116066121805233
        ],
        "8": [
            -31.913525245765825,
            -94.19272933629928
        ]
    },
    "label_list": [
        2,
        0,
        1,
        0,
        1,
        2,
        1,
        1,
        1,
        0,
        0,
        2,
        1,
        1,
        0,
        0,
        2,
        2,
        0,
        1,
        2,
        2,
        1,
        0,
        2,
        0,
        0,
        2,
        0,
        1,
        1,
        1,
        2,
        1,
        1,
        2,
        2,
        1,
        1,
        1,
        2,
        2,
        2,
        1,
        0,
        0,
        0,
        2,
        1,
        1,
        2,
        0,
        1,
        0,
        0,
        0,
        0,
        1,
        1,
        0,
        2,
        0,
        1,
        2,
        0,
        0,
        1,
        2,
        0,
        0,
        2,
        2,
        1,
        1,
        1,
        0,
        1,
        0,
        0,
        0,
        0,
        1,
        1,
        0,
        0,
        1,
        1,
        1,
        0,
        0,
        0,
        2,
        2,
        1,
        1,
        2,
        1,
        1,
        0,
        2,
        2,
        1,
        2,
        0,
        1,
        1,
        2,
        0,
        2,
        2,
        2,
        1,
        1,
        1,
        1,
        0,
        0,
        2,
        1,
        2
    ],
    "env_label": 0
}