{
    "node_map": {
        "1": [
            0,
            0
        ],
        "2": [
            -45.009428547773275,
            -9.154146763879439
        ],
        "3": [
            -78.87450703867079,
            13.920821575368876
        ],
        "4": [
            31.16882810695182,
            -18.874454355209338
        ],
        "5": [
            -77.68092714689195,
            50.93394801036044
        ],
        "6": [
            -28.755399967878233,
            23.141054479390107
        ],
        "7": [
            -77.39850295413217,
            -33.31782045374973
        ],
        "8": [
            -15.240466957478276,
            70.32912177246638
        ]
    },
    "label_list": [
        2,
        0,
        2,
        2,
        2,
        2,
        1,
        2,
        2,
        0,
        2,
        2,
        1,
        1,
        1,
        0,
        2,
        0,
        2,
        1,
        0,
        0,
        0,
        0,
        0,
        0,
        2,
        2,
        2,
        0,
        2,
        1,
        0,
        2,
        0,
        1,
        2,
        0,
        0,
        1,
        2,
        1,
        2,
        0,
        2,
        2,
        2,
        1,
        1,
        2,
        0,
        2,
        1,
        1,
        0,
        2,
        1,
        0,
        1,
        1,
        1,
        1,
        1,
        0,
        1,
        0,
        2,
        2,
        2,
        0,
        1,
        1,
        1,
        2,
        1,
        2,
        2,
        1,
        1,
        1,
        0,
        0,
        0,
        2,
        1,
        0,
        0,
        2,
        2,
        2,
        2,
        0,
        1,
        2,
        1,
        1,
        2,
        0,
        1,
        0,
        0,
        2,
        2,
        0,
        2,
        1,
        2,
        2,
        1,
        2,
        1,
        0,
        0,
        2,
        1,
        2,
        1,
        0,
        0,
        0
    ],
    "env_label": 0
}