{
    "node_map": {
        "1": [
            0,
            0
        ],
        "2": [
            -35.26908575582158,
            -15.956236031278848
        ],
        "3": [
            49.399545721970696,
            0.8502119167538069
        ],
        "4": [
            3.3739267564625095,
            40.13238928548998
        ],
        "5": [
            93.34358458236005,
            -22.454807179896235
        ],
        "6": [
            84.55863381330622,
            31.378642338761296
        ],
        "7": [
            -36.62830213767529,
            30.02804150767639
        ],
        "8": [
            -71.96789505580297,
            -43.413145658428995
        ]
    },
    "label_list": [
        1,
        2,
        0,
        0,
        0,
        1,
        2,
        1,
        2,
        1,
        1,
        2,
        1,
        0,
        0,
        0,
        1,
        2,
        1,
        1,
        2,
        0,
        0,
        2,
        2,
        2,
        0,
        1,
        0,
        2,
        2,
        0,
        2,
        0,
        2,
        1,
        0,
        2,
        2,
        2,
        1,
        0,
        0,
        2,
        0,
        2,
        2,
        1,
        0,
        2,
        1,
        0,
        1,
        2,
        2,
        2,
        1,
        1,
        2,
        2,
        0,
        2,
        2,
        2,
        2,
        0,
        2,
        2,
        2,
        2,
        1,
        2,
        0,
        0,
        2,
        0,
        1,
        0,
        0,
        2,
        2,
        2,
        2,
        0,
        2,
        1,
        0,
        2,
        0,
        2,
        1,
        1,
        0,
        2,
        2,
        2,
        2,
        0,
        0,
        2,
        1,
        1,
        0,
        1,
        0,
        0,
        1,
        1,
        0,
        0,
        0,
        0,
        2,
        2,
        0,
        0,
        2,
        1,
        1,
        2
    ],
    "env_label": 0
}