{
    "node_map": {
        "1": [
            0,
            0
        ],
        "2": [
            -47.495523392879505,
            -14.05266186993559
        ],
        "3": [
            -12.662873934838913,
            46.35402581622756
        ],
        "4": [
            -74.77510958064309,
            -55.0101987633151
        ],
        "5": [
            -32.47600852905347,
            -77.35722045165954
        ],
        "6": [
            11.145821377272,
            89.30712259118329
        ],
        "7": [
            47.72144358341055,
            4.8412845519999195
        ],
        "8": [
            -14.90787904188575,
            -37.576341989854626
        ]
    },
    "label_list": [
        1,
        1,
        2,
        0,
        0,
        0,
        2,
        2,
        1,
        0,
        0,
        2,
        2,
        1,
        2,
        0,
        2,
        0,
        2,
        2,
        0,
        2,
        2,
        2,
        2,
        0,
        0,
        1,
        2,
        0,
        1,
        0,
        2,
        2,
        1,
        0,
        1,
        2,
        0,
        1,
        0,
        2,
        0,
        0,
        1,
        2,
        2,
        0,
        2,
        0,
        2,
        1,
        1,
        1,
        0,
        0,
        1,
        2,
        1,
        0,
        1,
        1,
        2,
        0,
        0,
        0,
        1,
        2,
        1,
        2,
        0,
        0,
        1,
        1,
        2,
        2,
        0,
        1,
        0,
        1,
        2,
        0,
        1,
        0,
        2,
        2,
        0,
        0,
        0,
        1,
        2,
        0,
        1,
        1,
        0,
        1,
        0,
        1,
        1,
        1,
        0,
        0,
        1,
        2,
        0,
        0,
        2,
        0,
        2,
        2,
        0,
        2,
        2,
        1,
        1,
        0,
        0,
        1,
        1,
        2
    ],
    "env_label": 0
}