{
    "node_map": {
        "1": [
            0,
            0
        ],
        "2": [
            0.35695052983577114,
            -38.65877792953545
        ],
        "3": [
            -34.80283704669162,
            -49.76189860148481
        ],
        "4": [
            -36.50921177046471,
            -94.51874261590439
        ],
        "5": [
            29.339919116157773,
            -63.71451397973955
        ],
        "6": [
            -79.68522669647287,
            -46.101675433535185
        ],
        "7": [
            44.18193334208385,
            -20.88258528756765
        ],
        "8": [
            74.77763034819228,
            -77.82920826865403
        ]
    },
    "label_list": [
        2,
        0,
        2,
        0,
        0,
        0,
        0,
        0,
        1,
        0,
        0,
        2,
        1,
        2,
        0,
        1,
        1,
        1,
        0,
        1,
        2,
        1,
        2,
        0,
        0,
        1,
        1,
        1,
        2,
        1,
        1,
        2,
        2,
        0,
        0,
        2,
        1,
        2,
        2,
        0,
        1,
        2,
        2,
        2,
        1,
        0,
        2,
        1,
        0,
        2,
        0,
        2,
        1,
        0,
        0,
        1,
        2,
        1,
        0,
        2,
        1,
        1,
        2,
        1,
        2,
        2,
        2,
        0,
        2,
        0,
        2,
        0,
        2,
        2,
        2,
        0,
        2,
        1,
        1,
        0,
        0,
        2,
        0,
        2,
        2,
        1,
        0,
        1,
        2,
        1,
        0,
        1,
        1,
        2,
        2,
        2,
        2,
        0,
        2,
        0,
        0,
        2,
        1,
        0,
        1,
        0,
        0,
        2,
        2,
        0,
        2,
        2,
        1,
        1,
        0,
        1,
        1,
        2,
        0,
        1
    ],
    "env_label": 0
}